marketing_key,campaign_key,date_key,spend_amount,impressions,clicks,conversions,created_at
1,97,2023-11-07,835.71,9422,1006,87,2025-07-23 23:42:35.455246
2,85,2024-07-10,1862.44,81320,2014,363,2025-07-23 23:42:35.455957
3,60,2022-08-12,2905.73,64183,9540,1144,2025-07-23 23:42:35.457209
4,138,2022-04-23,193.6,12514,509,58,2025-07-23 23:42:35.457974
5,119,2022-02-01,1608.45,92477,6605,1352,2025-07-23 23:42:35.458614
6,111,2023-02-15,2571.34,35401,4635,921,2025-07-23 23:42:35.459266
7,64,2024-05-10,5854.96,63020,5571,1268,2025-07-23 23:42:35.459907
8,148,2023-11-07,578.42,11951,1495,122,2025-07-23 23:42:35.460644
9,104,2022-12-31,2567.95,40668,2397,502,2025-07-23 23:42:35.462054
10,38,2022-01-26,932.1,78193,3510,1029,2025-07-23 23:42:35.462658
11,106,2023-04-27,2442.22,64290,2407,473,2025-07-23 23:42:35.463302
12,120,2024-07-26,3935.1,86545,12342,2857,2025-07-23 23:42:35.463948
13,10,2023-06-15,7466.65,84189,9600,1061,2025-07-23 23:42:35.464645
14,20,2023-10-21,1362.99,30746,584,91,2025-07-23 23:42:35.465410
15,5,2024-08-21,4711.06,78583,4473,1155,2025-07-23 23:42:35.466112
16,55,2023-12-05,4253.76,96684,7219,1580,2025-07-23 23:42:35.466719
17,6,2022-02-16,2274.52,27045,2654,744,2025-07-23 23:42:35.467380
18,86,2023-10-09,3198.54,43303,1840,544,2025-07-23 23:42:35.468020
19,137,2022-10-20,1146.18,73197,9886,2614,2025-07-23 23:42:35.468668
20,157,2022-10-15,6806.31,88346,8231,618,2025-07-23 23:42:35.469628
21,147,2023-07-07,251.26,3325,386,58,2025-07-23 23:42:35.470347
22,162,2023-08-10,1103.86,40991,3400,739,2025-07-23 23:42:35.471691
23,26,2022-11-13,4500.17,62929,6347,527,2025-07-23 23:42:35.472427
24,115,2024-05-02,390.03,23399,3243,184,2025-07-23 23:42:35.473254
25,125,2023-06-12,1259.23,55151,6445,1654,2025-07-23 23:42:35.473997
26,54,2022-07-06,1072.24,67932,5308,953,2025-07-23 23:42:35.474614
27,166,2023-09-15,777.17,42615,2866,182,2025-07-23 23:42:35.475261
28,71,2023-11-30,163.25,6502,394,31,2025-07-23 23:42:35.476048
29,95,2022-04-03,806.1,19550,2186,174,2025-07-23 23:42:35.476790
30,135,2023-03-13,7355.86,96558,7888,997,2025-07-23 23:42:35.478186
31,165,2022-10-04,2648.08,42892,956,72,2025-07-23 23:42:35.478817
32,162,2024-09-01,362.82,26288,1070,305,2025-07-23 23:42:35.479432
33,200,2023-11-29,738.45,9811,961,158,2025-07-23 23:42:35.480098
34,140,2022-08-20,4672.08,84346,6233,1494,2025-07-23 23:42:35.480826
35,192,2024-08-19,6004.74,78272,11395,3177,2025-07-23 23:42:35.481484
36,44,2024-08-22,1508.21,70837,5442,1330,2025-07-23 23:42:35.482133
37,72,2022-07-29,7759.56,88879,3775,325,2025-07-23 23:42:35.483873
38,138,2022-06-28,5397.15,78629,8214,1617,2025-07-23 23:42:35.485546
39,20,2022-08-26,2956.79,56362,3677,264,2025-07-23 23:42:35.486239
40,91,2022-06-22,4197.17,45024,3201,168,2025-07-23 23:42:35.486872
41,28,2022-07-14,2590.15,48640,4321,465,2025-07-23 23:42:35.487575
42,44,2022-07-12,2417.56,50563,2294,151,2025-07-23 23:42:35.488357
43,182,2022-07-15,555.72,7523,610,34,2025-07-23 23:42:35.489092
44,133,2023-07-14,2019.95,54447,7785,1599,2025-07-23 23:42:35.489693
45,65,2024-04-04,2192.52,27178,1843,245,2025-07-23 23:42:35.490345
46,53,2022-10-28,386.08,8858,571,157,2025-07-23 23:42:35.490967
47,16,2024-06-19,15.61,1247,107,19,2025-07-23 23:42:35.491559
48,183,2024-02-27,1126.53,11430,1555,294,2025-07-23 23:42:35.492543
49,64,2024-04-28,556.7,36607,722,148,2025-07-23 23:42:35.493984
50,160,2022-09-11,1633.66,23430,3291,282,2025-07-23 23:42:35.494631
51,154,2022-03-29,897.78,84857,1626,482,2025-07-23 23:42:35.495354
52,126,2024-08-08,3450.84,41279,2801,536,2025-07-23 23:42:35.496004
53,108,2023-07-22,2392.98,75355,7736,876,2025-07-23 23:42:35.496629
54,115,2023-05-28,433.19,13852,1721,485,2025-07-23 23:42:35.497279
55,150,2023-01-24,3660.05,53659,7640,2126,2025-07-23 23:42:35.497897
56,152,2023-12-02,1072.77,73013,4139,304,2025-07-23 23:42:35.498484
57,184,2023-06-08,326.1,7048,271,35,2025-07-23 23:42:35.500284
58,144,2024-10-10,6147.71,74765,4707,572,2025-07-23 23:42:35.501668
59,32,2023-06-12,5446.37,56033,6021,614,2025-07-23 23:42:35.502477
60,20,2024-01-24,719.25,48764,7202,371,2025-07-23 23:42:35.503227
61,154,2023-03-14,2459.86,61475,7183,588,2025-07-23 23:42:35.503886
62,134,2023-05-30,1809.85,57474,4896,269,2025-07-23 23:42:35.504503
63,18,2024-02-14,5923.55,91876,10733,956,2025-07-23 23:42:35.505148
64,43,2023-04-12,1557.92,18966,1327,108,2025-07-23 23:42:35.505734
65,27,2024-07-09,1654.31,33524,4340,917,2025-07-23 23:42:35.506376
66,181,2023-06-18,952.61,25943,3439,397,2025-07-23 23:42:35.507409
67,51,2023-01-04,1222.27,26432,896,242,2025-07-23 23:42:35.508926
68,199,2022-11-03,1179.96,36021,374,22,2025-07-23 23:42:35.509678
69,199,2022-10-13,528.99,11599,1640,184,2025-07-23 23:42:35.510433
70,142,2022-06-17,5837.0,71765,10376,1386,2025-07-23 23:42:35.511863
71,131,2022-09-02,5505.96,93760,3016,228,2025-07-23 23:42:35.512574
72,200,2024-01-14,7150.03,76097,1933,295,2025-07-23 23:42:35.513353
73,167,2022-05-31,2459.5,30011,3854,364,2025-07-23 23:42:35.514058
74,18,2023-01-03,2047.37,97861,11983,2672,2025-07-23 23:42:35.514656
75,92,2024-03-15,2267.55,40286,5458,461,2025-07-23 23:42:35.515307
76,98,2022-04-26,182.45,2016,104,13,2025-07-23 23:42:35.515941
77,127,2024-12-23,2444.79,53542,810,51,2025-07-23 23:42:35.516551
78,88,2022-01-28,6314.53,69301,9273,2577,2025-07-23 23:42:35.517207
79,64,2023-03-30,4078.6,67108,5114,798,2025-07-23 23:42:35.518132
80,9,2024-04-25,1199.63,12764,283,41,2025-07-23 23:42:35.518800
81,79,2023-08-06,586.37,5939,229,47,2025-07-23 23:42:35.519414
82,192,2022-12-07,2003.69,91154,8857,2067,2025-07-23 23:42:35.520083
83,172,2023-12-03,1707.86,41447,1996,350,2025-07-23 23:42:35.520887
84,192,2022-03-14,3911.94,48698,2613,661,2025-07-23 23:42:35.522261
85,36,2023-05-08,200.9,11354,1476,415,2025-07-23 23:42:35.523059
86,166,2022-04-27,465.27,30386,2833,744,2025-07-23 23:42:35.523826
87,152,2022-09-04,805.47,21778,2288,331,2025-07-23 23:42:35.524555
88,142,2023-02-16,4104.67,48870,622,167,2025-07-23 23:42:35.525270
89,80,2023-01-04,754.2,24281,2014,593,2025-07-23 23:42:35.525901
90,157,2024-04-27,870.58,40452,5748,1638,2025-07-23 23:42:35.526511
91,193,2024-03-04,886.93,13762,225,36,2025-07-23 23:42:35.527153
92,159,2023-08-15,7912.19,85940,5079,720,2025-07-23 23:42:35.527737
93,107,2023-08-05,6425.68,69830,6148,1622,2025-07-23 23:42:35.528393
94,87,2024-02-21,1833.96,28194,450,23,2025-07-23 23:42:35.529782
95,179,2022-08-17,177.61,9020,1106,162,2025-07-23 23:42:35.530529
96,169,2022-05-20,1201.3,16522,1581,173,2025-07-23 23:42:35.531271
97,132,2022-06-10,1954.23,90990,13118,1421,2025-07-23 23:42:35.532479
98,108,2023-05-19,1748.18,33227,1945,350,2025-07-23 23:42:35.533365
99,169,2024-03-02,653.96,38104,1333,360,2025-07-23 23:42:35.534088
100,192,2022-11-06,2012.8,21727,2161,264,2025-07-23 23:42:35.535535
101,82,2022-01-24,367.13,23613,3345,458,2025-07-23 23:42:35.536325
102,106,2024-12-24,2675.28,29927,756,63,2025-07-23 23:42:35.537081
103,185,2024-01-29,913.55,25420,3171,426,2025-07-23 23:42:35.537687
104,32,2022-08-25,4022.98,47192,3272,854,2025-07-23 23:42:35.538355
105,162,2022-11-01,5222.25,65265,9510,2359,2025-07-23 23:42:35.539009
106,74,2022-11-18,2573.95,38029,4340,639,2025-07-23 23:42:35.539634
107,155,2023-09-30,5602.97,83176,6660,463,2025-07-23 23:42:35.540294
108,33,2023-05-22,3247.18,53726,689,117,2025-07-23 23:42:35.541218
109,138,2022-12-13,7464.96,79691,4809,1249,2025-07-23 23:42:35.542653
110,23,2024-10-15,2109.09,32363,3748,677,2025-07-23 23:42:35.543475
111,187,2022-04-16,5077.7,68306,4224,556,2025-07-23 23:42:35.544212
112,65,2022-03-22,2696.67,60591,6595,1713,2025-07-23 23:42:35.544856
113,4,2022-02-27,2927.29,31294,3861,728,2025-07-23 23:42:35.545493
114,163,2023-04-09,3619.11,73208,9507,1030,2025-07-23 23:42:35.546162
115,140,2023-06-02,975.52,61169,4184,595,2025-07-23 23:42:35.546820
116,130,2024-12-28,777.32,68097,8001,913,2025-07-23 23:42:35.547456
117,193,2022-09-01,2250.65,99600,2481,731,2025-07-23 23:42:35.548408
118,185,2022-02-24,237.79,7021,818,212,2025-07-23 23:42:35.549855
119,74,2022-10-24,1802.54,56099,5728,1357,2025-07-23 23:42:35.550542
120,42,2023-01-26,265.7,8748,815,144,2025-07-23 23:42:35.551196
121,187,2022-11-10,1241.19,26426,1001,194,2025-07-23 23:42:35.551828
122,76,2024-10-25,7083.19,88007,8997,2601,2025-07-23 23:42:35.552458
123,166,2024-10-30,3241.12,42901,3009,423,2025-07-23 23:42:35.553113
124,115,2024-09-30,40.12,2260,304,66,2025-07-23 23:42:35.553697
125,28,2022-05-22,3996.34,50455,1926,154,2025-07-23 23:42:35.554344
126,67,2024-08-07,2311.53,99844,2280,385,2025-07-23 23:42:35.556167
127,173,2024-05-25,3759.94,44239,5996,524,2025-07-23 23:42:35.557542
128,101,2023-12-19,307.96,5451,82,4,2025-07-23 23:42:35.558349
129,166,2023-08-27,2015.35,68710,2811,670,2025-07-23 23:42:35.559101
130,43,2023-04-03,738.76,68095,7098,736,2025-07-23 23:42:35.559711
131,140,2023-11-21,851.66,36669,1064,295,2025-07-23 23:42:35.560362
132,51,2022-06-23,1125.1,71038,9469,2266,2025-07-23 23:42:35.561001
133,46,2022-06-16,4252.93,43856,4046,592,2025-07-23 23:42:35.561609
134,156,2022-04-06,4058.67,59769,5328,534,2025-07-23 23:42:35.562262
135,130,2024-12-01,1520.5,46960,1897,318,2025-07-23 23:42:35.562910
136,195,2022-04-05,2946.49,43638,3836,213,2025-07-23 23:42:35.563518
137,51,2023-08-25,1129.19,52714,4876,1420,2025-07-23 23:42:35.565307
138,168,2023-02-11,1588.8,53474,1180,291,2025-07-23 23:42:35.566099
139,44,2023-04-30,133.62,12424,238,37,2025-07-23 23:42:35.566835
140,36,2022-05-06,2336.98,49826,6539,430,2025-07-23 23:42:35.567433
141,183,2024-02-10,355.47,18329,2279,231,2025-07-23 23:42:35.568098
142,135,2023-07-14,4576.76,54029,7667,1966,2025-07-23 23:42:35.568710
143,181,2024-02-25,620.14,17553,2433,605,2025-07-23 23:42:35.569364
144,122,2023-05-11,1498.31,19644,941,77,2025-07-23 23:42:35.569997
145,96,2022-05-08,724.54,41768,2500,256,2025-07-23 23:42:35.570683
146,156,2023-02-15,1376.82,21411,1689,406,2025-07-23 23:42:35.571690
147,74,2023-05-22,1067.98,31810,346,75,2025-07-23 23:42:35.575597
148,156,2023-05-31,1835.16,53876,4247,479,2025-07-23 23:42:35.576368
149,122,2024-01-29,3101.03,46718,2361,485,2025-07-23 23:42:35.577136
150,141,2023-04-16,1461.2,25790,2650,204,2025-07-23 23:42:35.577908
151,193,2022-09-26,5424.93,90988,3259,715,2025-07-23 23:42:35.578619
152,2,2024-02-25,6439.56,80803,12076,3303,2025-07-23 23:42:35.579369
153,132,2022-10-16,3887.13,48335,902,262,2025-07-23 23:42:35.580141
154,154,2024-12-21,392.57,11692,1543,452,2025-07-23 23:42:35.580893
155,79,2024-10-27,426.85,4860,315,36,2025-07-23 23:42:35.581524
156,152,2024-09-05,519.72,9362,1234,87,2025-07-23 23:42:35.582172
157,18,2024-03-14,4443.53,97677,2585,378,2025-07-23 23:42:35.582805
158,127,2023-12-10,683.9,16924,623,105,2025-07-23 23:42:35.583419
159,3,2022-02-23,1105.65,12360,1245,179,2025-07-23 23:42:35.584086
160,191,2024-07-06,5281.09,64928,7070,1692,2025-07-23 23:42:35.584776
161,80,2024-01-02,3294.91,49327,3097,582,2025-07-23 23:42:35.585487
162,100,2023-12-23,1033.61,14744,1602,387,2025-07-23 23:42:35.586298
163,126,2024-11-16,2577.0,73466,8023,481,2025-07-23 23:42:35.587074
164,52,2023-09-20,6559.83,71199,4913,1037,2025-07-23 23:42:35.587696
165,63,2024-01-11,5608.47,61889,5514,1161,2025-07-23 23:42:35.588334
166,184,2023-02-15,392.03,9161,810,219,2025-07-23 23:42:35.589010
167,73,2024-09-06,2851.72,68520,5034,1157,2025-07-23 23:42:35.589609
168,41,2023-06-06,5423.44,94597,6219,479,2025-07-23 23:42:35.590266
169,117,2024-09-29,1870.61,21351,2192,316,2025-07-23 23:42:35.590891
170,113,2023-03-16,824.61,82196,8097,1371,2025-07-23 23:42:35.591491
171,26,2024-11-13,5975.2,78033,10053,1307,2025-07-23 23:42:35.592114
172,11,2022-11-06,4034.69,99425,3071,572,2025-07-23 23:42:35.592695
173,33,2023-10-06,6113.39,63865,1618,103,2025-07-23 23:42:35.593327
174,39,2023-03-22,2145.82,31603,1753,311,2025-07-23 23:42:35.593941
175,110,2022-05-21,3633.52,55824,1609,412,2025-07-23 23:42:35.594553
176,76,2023-10-18,7418.63,84131,2689,214,2025-07-23 23:42:35.595293
177,3,2024-05-11,3483.72,50673,3543,902,2025-07-23 23:42:35.595936
178,186,2023-06-09,349.95,8390,1054,161,2025-07-23 23:42:35.596545
179,19,2024-11-07,5486.28,57216,1718,264,2025-07-23 23:42:35.597188
180,124,2023-04-04,319.06,5244,70,5,2025-07-23 23:42:35.597798
181,1,2023-07-13,8569.04,97616,14255,1159,2025-07-23 23:42:35.598584
182,16,2023-11-27,6127.63,63583,7844,2301,2025-07-23 23:42:35.599406
183,69,2022-08-29,312.43,24885,2937,290,2025-07-23 23:42:35.600202
184,97,2023-02-04,3706.86,69510,8775,819,2025-07-23 23:42:35.600999
185,69,2022-02-24,3854.18,74738,10099,1188,2025-07-23 23:42:35.601790
186,180,2022-09-27,1087.15,30856,3870,381,2025-07-23 23:42:35.602553
187,66,2022-02-27,6050.05,67816,954,254,2025-07-23 23:42:35.603377
188,60,2023-09-02,694.03,62261,8815,1192,2025-07-23 23:42:35.604200
189,60,2024-03-26,1439.07,15491,1487,150,2025-07-23 23:42:35.604987
190,185,2022-05-06,1987.08,74815,4601,1077,2025-07-23 23:42:35.605842
191,88,2024-09-18,902.66,16537,192,37,2025-07-23 23:42:35.606604
192,23,2024-01-27,1821.49,42547,6215,719,2025-07-23 23:42:35.607412
193,179,2022-10-07,2021.52,48700,6038,718,2025-07-23 23:42:35.608170
194,183,2022-07-01,1977.57,38515,3885,498,2025-07-23 23:42:35.608838
195,166,2023-05-17,5333.66,58207,3217,274,2025-07-23 23:42:35.609442
196,143,2022-12-03,2685.35,41363,4516,1294,2025-07-23 23:42:35.610067
197,164,2024-10-20,3794.87,83877,4477,426,2025-07-23 23:42:35.610647
198,41,2023-06-03,4795.03,54384,1261,375,2025-07-23 23:42:35.611270
199,1,2024-10-20,4660.78,47994,3224,852,2025-07-23 23:42:35.611881
200,159,2024-11-02,1304.32,25827,2152,589,2025-07-23 23:42:35.612499
201,62,2024-05-20,2806.67,64249,5568,1184,2025-07-23 23:42:35.613126
202,40,2022-10-26,6905.43,78961,9032,1206,2025-07-23 23:42:35.613706
203,120,2024-03-25,4969.75,63975,4608,1308,2025-07-23 23:42:35.614329
204,50,2022-12-07,5071.39,74017,4476,1056,2025-07-23 23:42:35.614997
205,67,2024-01-05,8951.44,94240,5858,599,2025-07-23 23:42:35.615799
206,49,2023-09-05,1414.04,14890,1334,355,2025-07-23 23:42:35.616520
207,179,2024-05-08,1441.97,21824,784,183,2025-07-23 23:42:35.617192
208,144,2024-10-20,5032.65,63358,5104,1271,2025-07-23 23:42:35.617798
209,43,2024-08-13,599.71,56255,5839,875,2025-07-23 23:42:35.618411
210,179,2022-09-09,1617.28,55056,8120,1396,2025-07-23 23:42:35.619062
211,138,2023-06-23,9393.99,95591,11737,3265,2025-07-23 23:42:35.619659
212,100,2023-07-11,1257.08,23438,2473,652,2025-07-23 23:42:35.620307
213,91,2023-06-17,577.22,11008,879,195,2025-07-23 23:42:35.621508
214,148,2024-05-21,3213.86,38529,2475,710,2025-07-23 23:42:35.622282
215,72,2022-09-15,285.98,3714,187,36,2025-07-23 23:42:35.623067
216,111,2024-09-20,1435.74,96457,10908,713,2025-07-23 23:42:35.623807
217,39,2023-05-26,264.41,25757,2358,221,2025-07-23 23:42:35.624566
218,15,2023-11-03,4333.83,50189,4419,832,2025-07-23 23:42:35.625290
219,185,2022-02-21,105.39,9669,1251,311,2025-07-23 23:42:35.626007
220,180,2023-01-11,1554.42,39882,3928,490,2025-07-23 23:42:35.626617
221,67,2024-11-16,2153.86,49552,4231,350,2025-07-23 23:42:35.627370
222,113,2024-06-15,3102.33,34227,542,146,2025-07-23 23:42:35.628118
223,66,2023-09-25,453.31,12636,1405,136,2025-07-23 23:42:35.628740
224,158,2024-02-02,3751.94,41587,670,133,2025-07-23 23:42:35.629377
225,134,2022-08-18,792.39,36062,2210,410,2025-07-23 23:42:35.630049
226,27,2022-12-26,431.33,22882,3044,839,2025-07-23 23:42:35.630822
227,148,2024-08-11,1608.45,19596,1002,214,2025-07-23 23:42:35.631475
228,153,2023-11-16,4293.81,50534,876,133,2025-07-23 23:42:35.632104
229,118,2023-05-18,4456.9,66646,7039,577,2025-07-23 23:42:35.632688
230,134,2022-08-11,6243.69,62482,4995,1296,2025-07-23 23:42:35.633465
231,192,2023-09-21,1056.65,15116,2233,662,2025-07-23 23:42:35.634205
232,58,2024-01-17,378.85,12438,1845,244,2025-07-23 23:42:35.634816
233,136,2024-01-21,2842.78,35389,3524,294,2025-07-23 23:42:35.635417
234,133,2024-08-24,2980.22,93163,10636,2798,2025-07-23 23:42:35.636120
235,13,2023-11-04,1188.42,84578,4601,583,2025-07-23 23:42:35.636901
236,120,2023-09-02,788.25,54611,5654,798,2025-07-23 23:42:35.637516
237,52,2023-02-26,1664.95,24318,1628,436,2025-07-23 23:42:35.638136
238,6,2022-05-03,5368.77,71129,5721,1092,2025-07-23 23:42:35.638721
239,32,2023-10-07,4200.92,66279,9619,1886,2025-07-23 23:42:35.639502
240,61,2023-10-17,1225.14,58203,3267,327,2025-07-23 23:42:35.640204
241,69,2022-04-04,1158.61,16438,587,51,2025-07-23 23:42:35.640830
242,161,2023-03-21,7072.07,78815,9920,2052,2025-07-23 23:42:35.641611
243,83,2024-04-20,3290.54,79588,7867,1273,2025-07-23 23:42:35.642316
244,116,2023-07-01,754.97,49879,7000,1365,2025-07-23 23:42:35.642938
245,16,2024-10-15,633.42,7891,781,196,2025-07-23 23:42:35.643529
246,4,2023-01-16,6629.75,78866,4052,1190,2025-07-23 23:42:35.644152
247,148,2022-05-06,116.84,5357,595,97,2025-07-23 23:42:35.644790
248,142,2022-02-27,1263.36,98898,9705,1645,2025-07-23 23:42:35.645568
249,182,2023-02-19,3947.56,39820,2025,593,2025-07-23 23:42:35.646284
250,74,2024-06-13,990.67,42813,550,95,2025-07-23 23:42:35.646911
251,44,2023-01-13,1223.15,13948,401,82,2025-07-23 23:42:35.647500
252,23,2024-11-15,5483.19,73757,7893,1654,2025-07-23 23:42:35.648214
253,87,2022-09-22,69.41,2294,298,50,2025-07-23 23:42:35.649014
254,47,2024-04-12,2174.22,82630,5253,1403,2025-07-23 23:42:35.649615
255,26,2024-12-21,279.59,6175,842,159,2025-07-23 23:42:35.650336
256,192,2023-05-09,737.25,21408,1068,146,2025-07-23 23:42:35.651106
257,125,2023-01-09,4436.25,57925,5834,541,2025-07-23 23:42:35.651698
258,174,2023-11-25,7898.68,86602,4438,903,2025-07-23 23:42:35.652330
259,17,2022-06-23,1422.4,56277,4424,437,2025-07-23 23:42:35.653000
260,6,2024-09-11,229.43,2332,235,25,2025-07-23 23:42:35.653791
261,99,2023-11-03,1461.17,22337,912,194,2025-07-23 23:42:35.654438
262,132,2024-06-01,1240.44,16518,180,21,2025-07-23 23:42:35.655077
263,1,2023-02-26,3350.2,59811,2643,747,2025-07-23 23:42:35.655664
264,118,2022-12-10,4803.07,65709,6070,1109,2025-07-23 23:42:35.656425
265,122,2024-03-06,4574.25,75822,7155,1190,2025-07-23 23:42:35.657337
266,60,2024-10-25,1407.53,17737,2620,614,2025-07-23 23:42:35.658112
267,20,2024-08-25,7053.69,70544,9281,1228,2025-07-23 23:42:35.658712
268,37,2024-05-07,4819.32,64126,8827,2520,2025-07-23 23:42:35.659345
269,195,2023-06-29,2238.2,29965,2112,275,2025-07-23 23:42:35.660005
270,106,2022-04-01,509.77,6594,620,95,2025-07-23 23:42:35.660671
271,130,2022-04-28,2993.09,58069,2396,241,2025-07-23 23:42:35.661780
272,77,2023-05-14,2926.41,80835,3244,818,2025-07-23 23:42:35.662394
273,7,2023-01-27,2571.5,40926,3078,503,2025-07-23 23:42:35.663058
274,64,2024-07-01,6523.58,67630,9772,1096,2025-07-23 23:42:35.663798
275,38,2022-02-20,4132.55,86457,7720,976,2025-07-23 23:42:35.664510
276,166,2024-09-16,730.79,29014,3534,584,2025-07-23 23:42:35.665205
277,139,2024-11-02,4726.46,83736,3391,861,2025-07-23 23:42:35.665816
278,59,2023-02-14,162.06,9359,505,118,2025-07-23 23:42:35.666419
279,40,2024-10-23,387.35,15275,743,89,2025-07-23 23:42:35.667070
280,16,2023-02-28,68.02,1723,115,11,2025-07-23 23:42:35.667657
281,23,2022-01-27,728.66,11223,744,76,2025-07-23 23:42:35.668352
282,5,2022-04-06,1515.08,72935,7020,820,2025-07-23 23:42:35.669093
283,100,2022-09-03,3666.28,49844,4089,1090,2025-07-23 23:42:35.669832
284,78,2022-12-14,899.57,34019,1986,515,2025-07-23 23:42:35.670570
285,94,2023-02-10,3135.73,34912,3977,327,2025-07-23 23:42:35.671318
286,2,2022-12-18,751.72,24264,1112,180,2025-07-23 23:42:35.673627
287,8,2022-02-01,235.67,11049,970,240,2025-07-23 23:42:35.674303
288,154,2022-08-14,2806.46,36903,413,100,2025-07-23 23:42:35.674940
289,141,2022-06-13,3106.72,64283,2327,216,2025-07-23 23:42:35.675539
290,197,2024-01-19,3824.49,88326,11747,2973,2025-07-23 23:42:35.676188
291,15,2023-09-10,840.06,47703,2228,142,2025-07-23 23:42:35.676811
292,111,2024-09-20,4427.11,88625,10352,989,2025-07-23 23:42:35.677429
293,190,2022-02-15,258.52,2966,350,102,2025-07-23 23:42:35.678057
294,56,2022-06-28,5388.97,59325,7980,1491,2025-07-23 23:42:35.678642
295,21,2024-06-08,2739.46,99286,2179,389,2025-07-23 23:42:35.679268
296,106,2024-08-10,4391.64,62342,6858,1322,2025-07-23 23:42:35.679880
297,46,2024-10-12,1359.21,14453,1758,488,2025-07-23 23:42:35.680473
298,144,2023-06-21,2482.41,71204,3221,726,2025-07-23 23:42:35.681149
299,77,2022-04-29,3807.86,53742,4672,1126,2025-07-23 23:42:35.681737
300,131,2023-03-07,5251.97,70531,7960,2026,2025-07-23 23:42:35.682371
301,101,2022-04-20,751.7,19186,1735,420,2025-07-23 23:42:35.682993
302,137,2022-03-18,2381.51,82209,9314,1913,2025-07-23 23:42:35.683585
303,81,2024-08-08,2710.79,65908,2950,775,2025-07-23 23:42:35.684392
304,46,2023-02-16,8789.87,98127,8721,1248,2025-07-23 23:42:35.685910
305,106,2024-07-07,1221.84,26902,1301,382,2025-07-23 23:42:35.686558
306,27,2023-10-25,3021.54,66387,9192,1691,2025-07-23 23:42:35.687267
307,159,2023-10-25,135.62,3922,444,108,2025-07-23 23:42:35.688013
308,102,2022-10-20,437.36,6710,294,86,2025-07-23 23:42:35.688704
309,31,2022-01-16,1916.3,44828,3400,221,2025-07-23 23:42:35.689403
310,76,2023-02-12,6746.36,83930,10009,1660,2025-07-23 23:42:35.690111
311,104,2024-05-02,4050.12,61377,3113,389,2025-07-23 23:42:35.690779
312,146,2024-07-26,816.04,16840,1608,478,2025-07-23 23:42:35.691445
313,31,2022-03-06,6836.37,70239,1171,309,2025-07-23 23:42:35.692071
314,190,2023-03-15,3256.18,38254,4271,866,2025-07-23 23:42:35.692657
315,144,2023-07-21,1245.0,16735,2080,120,2025-07-23 23:42:35.693294
316,129,2024-08-24,6806.21,72725,5406,524,2025-07-23 23:42:35.693931
317,189,2024-04-14,1863.06,87678,7790,400,2025-07-23 23:42:35.694845
318,4,2023-01-08,8420.91,99330,5272,785,2025-07-23 23:42:35.695542
319,178,2023-07-08,215.16,2802,206,39,2025-07-23 23:42:35.696175
320,118,2024-08-18,7467.39,83077,11211,692,2025-07-23 23:42:35.696771
321,45,2022-07-20,512.66,13650,1586,114,2025-07-23 23:42:35.697401
322,120,2023-10-19,9717.36,99038,1333,187,2025-07-23 23:42:35.698032
323,43,2022-06-03,3183.11,57276,2522,737,2025-07-23 23:42:35.698635
324,4,2022-08-30,4253.04,92721,3340,188,2025-07-23 23:42:35.699276
325,115,2024-08-26,3267.81,84070,1407,158,2025-07-23 23:42:35.699892
326,187,2022-07-31,5704.06,82714,8181,979,2025-07-23 23:42:35.700489
327,42,2022-09-23,2584.7,33454,4063,779,2025-07-23 23:42:35.701118
328,121,2024-09-13,1775.59,71857,6263,478,2025-07-23 23:42:35.701697
329,133,2023-08-29,4646.84,70663,2068,272,2025-07-23 23:42:35.702333
330,169,2022-02-24,318.47,31278,4285,1262,2025-07-23 23:42:35.702987
331,188,2023-09-29,1132.8,34687,3205,388,2025-07-23 23:42:35.703656
332,15,2022-05-03,2962.7,50934,5805,1400,2025-07-23 23:42:35.704311
333,130,2024-06-27,7547.05,91319,6315,887,2025-07-23 23:42:35.704964
334,54,2022-07-29,2206.44,58386,2766,205,2025-07-23 23:42:35.705599
335,115,2022-03-14,292.96,19456,1167,87,2025-07-23 23:42:35.706257
336,183,2024-10-14,3140.16,78258,4803,964,2025-07-23 23:42:35.706904
337,52,2024-01-03,3819.77,75079,10293,1049,2025-07-23 23:42:35.707526
338,42,2024-05-24,1994.47,20313,1819,544,2025-07-23 23:42:35.708189
339,171,2024-09-10,9044.88,90870,9773,2449,2025-07-23 23:42:35.708853
340,144,2024-02-11,2767.94,67527,9608,2762,2025-07-23 23:42:35.709464
341,98,2023-02-06,516.02,6382,830,92,2025-07-23 23:42:35.710091
342,152,2022-07-20,1063.56,32459,914,167,2025-07-23 23:42:35.710669
343,162,2023-11-03,2794.35,43948,6049,1238,2025-07-23 23:42:35.711309
344,185,2022-04-03,790.59,64604,8719,2226,2025-07-23 23:42:35.711934
345,30,2023-01-09,1788.0,66211,3108,787,2025-07-23 23:42:35.712525
346,74,2023-11-13,1261.22,29673,4204,626,2025-07-23 23:42:35.713169
347,165,2023-12-14,1512.87,43561,4805,1344,2025-07-23 23:42:35.713772
348,192,2023-10-16,600.13,38881,3791,706,2025-07-23 23:42:35.714377
349,181,2024-07-10,2514.88,26080,485,61,2025-07-23 23:42:35.714989
350,9,2024-11-12,1022.12,80519,9387,828,2025-07-23 23:42:35.715559
351,114,2023-08-01,3489.0,55908,5043,1159,2025-07-23 23:42:35.716229
352,55,2024-05-30,628.94,7385,1022,294,2025-07-23 23:42:35.716862
353,115,2022-09-17,7075.02,88789,10120,1771,2025-07-23 23:42:35.717473
354,136,2022-11-20,49.29,1091,60,7,2025-07-23 23:42:35.718113
355,42,2022-09-08,779.91,55712,8059,1102,2025-07-23 23:42:35.718712
356,38,2023-07-18,817.88,16694,2248,447,2025-07-23 23:42:35.719459
357,57,2022-10-13,6613.26,79631,8044,2128,2025-07-23 23:42:35.720127
358,48,2024-01-11,1177.02,27610,888,236,2025-07-23 23:42:35.721014
359,26,2022-02-03,2224.39,32836,3535,966,2025-07-23 23:42:35.721621
360,198,2024-09-19,2262.14,70950,2919,513,2025-07-23 23:42:35.722250
361,147,2022-06-02,2446.7,82922,10216,1722,2025-07-23 23:42:35.722872
362,164,2024-06-05,6457.89,95497,11106,2355,2025-07-23 23:42:35.723475
363,3,2022-06-20,88.32,1981,143,17,2025-07-23 23:42:35.724111
364,134,2023-06-25,98.32,1842,73,15,2025-07-23 23:42:35.724702
365,122,2022-08-29,1133.95,54703,6102,492,2025-07-23 23:42:35.725349
366,1,2024-10-09,4556.86,96477,5942,1591,2025-07-23 23:42:35.725984
367,131,2022-06-22,4429.35,78561,5537,1440,2025-07-23 23:42:35.726583
368,189,2022-11-14,3082.11,61274,6522,1370,2025-07-23 23:42:35.727206
369,21,2022-05-26,4546.53,77885,3323,967,2025-07-23 23:42:35.727851
370,24,2024-03-09,4215.17,80489,11399,3231,2025-07-23 23:42:35.728482
371,177,2023-04-25,166.0,3012,179,14,2025-07-23 23:42:35.729156
372,2,2022-03-28,479.57,8285,654,145,2025-07-23 23:42:35.729782
373,78,2022-07-23,2636.25,37138,430,115,2025-07-23 23:42:35.730437
374,152,2024-07-26,1750.02,80579,9724,1599,2025-07-23 23:42:35.731088
375,104,2024-01-03,6355.37,63672,6383,1846,2025-07-23 23:42:35.731686
376,154,2022-04-26,3328.17,43795,2119,263,2025-07-23 23:42:35.732329
377,11,2022-10-19,178.84,2947,114,32,2025-07-23 23:42:35.732981
378,108,2023-08-22,388.99,4814,586,93,2025-07-23 23:42:35.733591
379,56,2022-10-22,1380.2,20010,1528,229,2025-07-23 23:42:35.734246
380,133,2024-12-09,723.39,9401,1297,202,2025-07-23 23:42:35.734889
381,92,2023-05-31,1257.77,66559,8427,1831,2025-07-23 23:42:35.735495
382,188,2024-03-11,2264.78,33045,3996,1059,2025-07-23 23:42:35.736125
383,11,2023-01-02,1077.97,47115,6169,325,2025-07-23 23:42:35.736715
384,114,2022-12-05,930.45,12021,1757,197,2025-07-23 23:42:35.737340
385,168,2023-08-17,2669.12,67251,1119,192,2025-07-23 23:42:35.737968
386,39,2024-05-20,1900.53,65753,1012,182,2025-07-23 23:42:35.738576
387,91,2024-10-21,1715.31,18035,2085,313,2025-07-23 23:42:35.739197
388,199,2022-09-06,1557.56,17323,738,105,2025-07-23 23:42:35.739805
389,64,2022-06-21,2219.86,94939,4980,441,2025-07-23 23:42:35.740405
390,78,2022-03-06,2586.34,90994,4218,747,2025-07-23 23:42:35.741036
391,49,2023-07-23,7421.15,92059,13552,2519,2025-07-23 23:42:35.741630
392,172,2023-05-07,523.54,16267,702,93,2025-07-23 23:42:35.742285
393,185,2022-01-14,5635.01,60881,2242,437,2025-07-23 23:42:35.742938
394,37,2023-11-27,554.99,16866,653,118,2025-07-23 23:42:35.743546
395,60,2022-11-03,1532.49,15571,751,109,2025-07-23 23:42:35.744194
396,70,2022-05-05,8652.09,96289,6951,708,2025-07-23 23:42:35.744846
397,181,2023-09-08,2739.94,33664,4979,292,2025-07-23 23:42:35.745476
398,108,2022-11-14,6335.83,86738,2285,483,2025-07-23 23:42:35.746191
399,135,2023-10-20,8169.24,82801,3840,805,2025-07-23 23:42:35.746838
400,110,2024-05-03,2441.9,67144,9503,1268,2025-07-23 23:42:35.747447
401,190,2022-12-21,2645.28,84327,12206,2132,2025-07-23 23:42:35.748070
402,191,2024-03-12,106.58,7947,148,42,2025-07-23 23:42:35.748676
403,69,2024-03-11,1491.36,35325,2400,236,2025-07-23 23:42:35.749312
404,30,2024-05-21,6239.19,75016,5308,381,2025-07-23 23:42:35.750016
405,17,2022-08-16,542.11,8604,105,19,2025-07-23 23:42:35.750615
406,162,2023-02-24,1948.37,65100,4134,1051,2025-07-23 23:42:35.751257
407,58,2023-07-21,7480.8,82208,2128,365,2025-07-23 23:42:35.751852
408,160,2023-11-21,2012.4,52576,2908,752,2025-07-23 23:42:35.752462
409,188,2023-06-24,4644.27,66997,5064,1359,2025-07-23 23:42:35.753132
410,80,2022-01-28,1961.37,81995,3797,1011,2025-07-23 23:42:35.753740
411,95,2024-11-12,4077.82,47628,5266,499,2025-07-23 23:42:35.754388
412,122,2022-09-17,639.81,39681,1275,196,2025-07-23 23:42:35.755023
413,162,2022-07-18,3007.81,33805,2076,270,2025-07-23 23:42:35.755649
414,34,2024-09-16,2242.36,61948,3089,692,2025-07-23 23:42:35.756302
415,54,2023-09-27,562.8,9934,1449,430,2025-07-23 23:42:35.756940
416,163,2022-11-17,270.67,6032,78,13,2025-07-23 23:42:35.757544
417,61,2024-06-09,1707.09,30873,2830,610,2025-07-23 23:42:35.758192
418,146,2022-05-14,2260.38,57175,7478,1717,2025-07-23 23:42:35.758825
419,114,2023-09-23,1603.95,27769,2069,103,2025-07-23 23:42:35.759433
420,63,2022-05-21,3613.39,44032,4077,788,2025-07-23 23:42:35.760054
421,82,2022-07-26,4493.43,60112,1209,197,2025-07-23 23:42:35.760663
422,3,2023-11-25,480.73,35342,1571,469,2025-07-23 23:42:35.761290
423,181,2024-12-18,2998.37,59449,5348,630,2025-07-23 23:42:35.761898
424,74,2024-11-10,1954.64,33277,1452,374,2025-07-23 23:42:35.762508
425,30,2024-04-03,3923.31,55960,4798,939,2025-07-23 23:42:35.763141
426,68,2022-05-10,4858.18,91928,8767,827,2025-07-23 23:42:35.763717
427,192,2023-08-08,1078.67,18915,1544,266,2025-07-23 23:42:35.764346
428,173,2023-05-24,1029.79,24982,2087,223,2025-07-23 23:42:35.765016
429,115,2023-02-20,3447.94,96945,7929,1237,2025-07-23 23:42:35.765636
430,72,2023-01-20,552.23,6399,940,59,2025-07-23 23:42:35.766288
431,198,2024-02-04,3430.84,50915,914,80,2025-07-23 23:42:35.766931
432,78,2024-10-21,1512.51,55781,7762,589,2025-07-23 23:42:35.767543
433,52,2023-01-27,3237.12,49982,2300,353,2025-07-23 23:42:35.768181
434,84,2023-02-24,1272.83,94446,7008,630,2025-07-23 23:42:35.768845
435,175,2022-12-06,513.54,8684,985,148,2025-07-23 23:42:35.769469
436,196,2022-05-18,6579.36,91428,7733,1471,2025-07-23 23:42:35.770116
437,55,2022-12-03,1416.9,42426,501,49,2025-07-23 23:42:35.770701
438,136,2023-04-19,1620.55,59515,2593,615,2025-07-23 23:42:35.771363
439,33,2022-12-08,2926.02,35287,1255,134,2025-07-23 23:42:35.772027
440,97,2023-07-26,3117.72,37466,5340,548,2025-07-23 23:42:35.772620
441,120,2022-12-12,5736.71,64296,6739,796,2025-07-23 23:42:35.773292
442,132,2023-08-11,6412.47,99617,9395,2482,2025-07-23 23:42:35.773956
443,108,2023-04-04,867.25,36639,2163,457,2025-07-23 23:42:35.774587
444,164,2022-12-17,3399.51,67014,9920,1619,2025-07-23 23:42:35.775247
445,90,2022-01-29,1140.94,15715,574,125,2025-07-23 23:42:35.775908
446,117,2024-11-15,621.02,22078,2093,454,2025-07-23 23:42:35.776563
447,23,2023-10-14,5164.94,96155,9696,1881,2025-07-23 23:42:35.777289
448,102,2023-08-29,3737.68,77303,10152,2529,2025-07-23 23:42:35.778026
449,69,2022-07-01,6487.86,70468,3116,460,2025-07-23 23:42:35.778869
450,158,2024-11-13,1992.14,55830,4292,729,2025-07-23 23:42:35.779559
451,97,2023-06-26,7256.21,98470,10087,2495,2025-07-23 23:42:35.780307
452,188,2022-05-15,4233.06,44935,2839,844,2025-07-23 23:42:35.782268
453,96,2024-10-25,2044.98,60950,6419,720,2025-07-23 23:42:35.784151
454,99,2023-06-02,6111.81,88748,6416,891,2025-07-23 23:42:35.785016
455,198,2022-08-26,1796.24,29998,2421,463,2025-07-23 23:42:35.785742
456,83,2022-07-27,685.6,48607,6306,1534,2025-07-23 23:42:35.786587
457,164,2023-04-09,401.85,14701,1029,265,2025-07-23 23:42:35.787356
458,28,2022-07-28,2875.44,37464,3150,618,2025-07-23 23:42:35.788133
459,130,2023-08-02,321.35,20921,2138,465,2025-07-23 23:42:35.788902
460,57,2022-01-17,1595.93,86876,12814,754,2025-07-23 23:42:35.789622
461,49,2023-02-03,6175.55,82222,11781,2959,2025-07-23 23:42:35.790393
462,198,2023-11-02,6679.94,69435,2745,766,2025-07-23 23:42:35.791162
463,89,2023-02-18,5373.94,73587,2907,208,2025-07-23 23:42:35.791920
464,48,2022-09-02,1401.49,16791,1667,352,2025-07-23 23:42:35.792652
465,122,2023-03-24,5738.84,84442,1903,380,2025-07-23 23:42:35.793410
466,156,2024-04-18,2440.79,44918,6333,1069,2025-07-23 23:42:35.794183
467,107,2024-04-02,2817.44,51503,4239,929,2025-07-23 23:42:35.796623
468,191,2024-03-28,1649.83,80741,863,67,2025-07-23 23:42:35.797396
469,118,2022-06-26,4553.1,54777,2445,703,2025-07-23 23:42:35.798103
470,55,2024-02-11,17.59,1095,46,7,2025-07-23 23:42:35.798707
471,31,2022-08-03,4975.1,88787,1583,149,2025-07-23 23:42:35.799344
472,89,2023-11-18,3926.63,45121,5582,1618,2025-07-23 23:42:35.799968
473,174,2022-08-23,5995.3,91216,11980,1340,2025-07-23 23:42:35.800552
474,189,2022-07-21,2685.88,46597,3549,869,2025-07-23 23:42:35.801218
475,86,2023-06-09,5638.76,66083,4557,666,2025-07-23 23:42:35.801873
476,195,2024-05-23,4317.05,47481,3889,701,2025-07-23 23:42:35.802584
477,112,2024-06-05,2100.44,33379,3616,1003,2025-07-23 23:42:35.805537
478,1,2022-08-08,5262.53,53992,4422,275,2025-07-23 23:42:35.806319
479,177,2024-10-28,4067.53,77923,6094,502,2025-07-23 23:42:35.807069
480,118,2022-12-26,1509.6,97986,1549,260,2025-07-23 23:42:35.807841
481,167,2022-07-11,5015.73,94269,3715,360,2025-07-23 23:42:35.808562
482,81,2024-02-04,2035.34,79073,10590,2752,2025-07-23 23:42:35.809364
483,107,2022-11-17,555.13,39847,5589,1291,2025-07-23 23:42:35.810137
484,178,2024-05-12,983.84,25738,3837,1062,2025-07-23 23:42:35.810912
485,121,2023-07-26,1328.36,45963,6375,1715,2025-07-23 23:42:35.811635
486,185,2022-11-30,503.66,6104,694,147,2025-07-23 23:42:35.812492
487,187,2022-01-19,241.05,2726,174,9,2025-07-23 23:42:35.813538
488,137,2023-09-10,4880.61,96988,10656,587,2025-07-23 23:42:35.814321
489,134,2022-04-28,2299.23,38304,1280,168,2025-07-23 23:42:35.815036
490,24,2023-01-19,891.46,62303,7413,2150,2025-07-23 23:42:35.815666
491,16,2023-07-13,1267.22,24196,2876,815,2025-07-23 23:42:35.816209
492,54,2022-09-09,2260.95,64243,737,63,2025-07-23 23:42:35.816670
493,182,2022-08-26,1233.89,28473,3355,180,2025-07-23 23:42:35.817215
494,78,2023-05-01,790.16,22220,2548,146,2025-07-23 23:42:35.817666
495,196,2022-08-04,5291.33,92188,4918,1383,2025-07-23 23:42:35.818176
496,60,2024-12-01,6531.27,69420,2986,296,2025-07-23 23:42:35.818609
497,69,2022-09-22,1538.58,28362,1043,210,2025-07-23 23:42:35.819306
498,57,2024-01-28,1485.66,23687,2650,174,2025-07-23 23:42:35.819981
499,73,2024-04-11,1451.13,33954,3753,385,2025-07-23 23:42:35.820650
500,83,2024-07-20,1060.0,68912,2016,471,2025-07-23 23:42:35.821386
501,2,2023-02-15,1980.33,60623,2977,170,2025-07-23 23:42:35.822004
502,46,2023-07-09,772.19,18687,1302,234,2025-07-23 23:42:35.822571
503,45,2023-09-24,6602.24,78191,10683,2570,2025-07-23 23:42:35.823199
504,186,2022-05-31,2469.33,47594,3017,341,2025-07-23 23:42:35.823771
505,180,2022-07-20,2827.25,85853,9201,2030,2025-07-23 23:42:35.824357
506,112,2024-02-05,1369.85,17551,1155,127,2025-07-23 23:42:35.824954
507,74,2023-07-28,369.75,25552,2550,162,2025-07-23 23:42:35.825508
508,48,2022-05-12,4207.9,71044,8158,2204,2025-07-23 23:42:35.826128
509,197,2024-07-14,4058.34,81780,8075,418,2025-07-23 23:42:35.826805
510,90,2022-03-04,637.69,8362,766,179,2025-07-23 23:42:35.827476
511,46,2022-12-05,1242.46,41521,2740,569,2025-07-23 23:42:35.828174
512,148,2022-07-05,1885.63,40267,5257,466,2025-07-23 23:42:35.828894
513,180,2023-01-13,5568.35,61900,2681,644,2025-07-23 23:42:35.829555
514,138,2023-02-26,5752.73,93738,2675,549,2025-07-23 23:42:35.830280
515,73,2023-05-02,2016.31,40000,4309,513,2025-07-23 23:42:35.830976
516,143,2022-01-14,1182.46,37758,3188,377,2025-07-23 23:42:35.831627
517,160,2022-06-11,4324.92,53743,1044,155,2025-07-23 23:42:35.832305
518,56,2024-11-17,8667.35,86715,5299,563,2025-07-23 23:42:35.832930
519,95,2024-11-29,2388.11,25331,3540,1028,2025-07-23 23:42:35.833518
520,55,2023-04-01,1033.6,37482,4018,1109,2025-07-23 23:42:35.834165
521,123,2024-03-15,1838.32,82670,11677,2204,2025-07-23 23:42:35.834739
522,14,2023-02-18,1345.33,25331,2868,732,2025-07-23 23:42:35.835397
523,196,2024-03-12,1176.87,34630,4401,286,2025-07-23 23:42:35.836024
524,106,2023-10-08,5661.39,72451,8704,717,2025-07-23 23:42:35.836609
525,5,2023-05-08,265.5,21906,1154,94,2025-07-23 23:42:35.837265
526,100,2024-08-24,3753.62,88637,5137,822,2025-07-23 23:42:35.838009
527,43,2023-02-25,272.51,5203,591,164,2025-07-23 23:42:35.838729
528,50,2022-11-01,1517.0,16595,1880,508,2025-07-23 23:42:35.839508
529,94,2024-10-08,1457.45,66582,3238,405,2025-07-23 23:42:35.840230
530,186,2024-06-14,7437.85,81331,3531,1048,2025-07-23 23:42:35.840979
531,73,2023-04-19,1390.48,47128,4388,465,2025-07-23 23:42:35.841689
532,29,2024-05-02,3460.09,61240,7175,2032,2025-07-23 23:42:35.842940
533,53,2022-08-31,399.81,4261,546,43,2025-07-23 23:42:35.843669
534,22,2024-01-08,162.71,14171,1766,371,2025-07-23 23:42:35.844459
535,16,2022-05-16,7387.82,91510,4573,1085,2025-07-23 23:42:35.845268
536,120,2022-02-25,5084.06,94736,8909,1706,2025-07-23 23:42:35.846021
537,149,2024-05-18,1761.75,28282,2108,370,2025-07-23 23:42:35.846733
538,83,2023-06-08,4287.36,84746,9031,1893,2025-07-23 23:42:35.847492
539,188,2024-01-05,825.63,47206,2188,134,2025-07-23 23:42:35.848254
540,52,2024-06-13,3110.09,53716,6989,1731,2025-07-23 23:42:35.849013
541,191,2023-03-07,2950.35,32506,4692,1182,2025-07-23 23:42:35.849727
542,127,2023-08-02,90.39,3269,63,10,2025-07-23 23:42:35.850502
543,160,2024-09-10,1740.55,52120,2216,331,2025-07-23 23:42:35.851267
544,35,2023-06-14,2052.25,28769,577,76,2025-07-23 23:42:35.852031
545,71,2024-12-20,344.52,5728,462,51,2025-07-23 23:42:35.852780
546,44,2024-12-08,4277.23,78287,4171,1248,2025-07-23 23:42:35.853509
547,26,2024-01-02,1340.28,40757,3633,756,2025-07-23 23:42:35.854267
548,138,2023-02-12,6962.87,81706,8914,1295,2025-07-23 23:42:35.857057
549,191,2022-12-25,2380.99,35358,1064,237,2025-07-23 23:42:35.857845
550,27,2022-12-28,762.26,38557,4548,1203,2025-07-23 23:42:35.858565
551,164,2024-02-06,5372.81,56852,6561,1432,2025-07-23 23:42:35.859326
552,147,2024-05-24,4734.57,77351,3553,462,2025-07-23 23:42:35.860109
553,123,2024-11-26,589.32,31415,4646,1310,2025-07-23 23:42:35.860891
554,85,2023-04-07,4017.83,60102,908,96,2025-07-23 23:42:35.861609
555,79,2022-12-05,1742.72,46780,5060,325,2025-07-23 23:42:35.862355
556,167,2023-09-24,1415.52,55937,765,53,2025-07-23 23:42:35.863106
557,173,2023-09-02,3711.92,46649,6397,957,2025-07-23 23:42:35.863873
558,197,2024-04-19,7419.23,95559,1361,284,2025-07-23 23:42:35.864601
559,36,2023-11-02,262.54,5802,691,105,2025-07-23 23:42:35.865349
560,112,2024-03-08,1138.66,81466,4969,352,2025-07-23 23:42:35.866088
561,180,2022-01-10,593.57,27230,2806,404,2025-07-23 23:42:35.866825
562,176,2023-06-06,783.65,52977,962,161,2025-07-23 23:42:35.867545
563,6,2024-05-05,684.37,30224,3312,601,2025-07-23 23:42:35.868290
564,140,2024-12-04,1632.87,75091,5557,619,2025-07-23 23:42:35.869067
565,28,2023-03-20,3660.08,65847,4732,312,2025-07-23 23:42:35.869825
566,6,2024-09-14,1923.57,74549,1032,169,2025-07-23 23:42:35.870579
567,39,2022-09-26,1285.18,85685,3013,872,2025-07-23 23:42:35.871319
568,86,2024-11-11,6129.26,70602,8905,1462,2025-07-23 23:42:35.872078
569,67,2024-02-09,5188.33,88676,12498,2769,2025-07-23 23:42:35.872843
570,81,2022-02-06,2900.41,57818,5438,1558,2025-07-23 23:42:35.873560
571,190,2024-09-13,4685.76,53504,3974,382,2025-07-23 23:42:35.874416
572,97,2022-02-17,1582.42,53027,1658,420,2025-07-23 23:42:35.875168
573,176,2024-04-19,6740.73,69171,8343,1846,2025-07-23 23:42:35.875921
574,30,2022-08-15,505.86,46066,1629,209,2025-07-23 23:42:35.876659
575,91,2023-11-18,1739.5,65248,7564,691,2025-07-23 23:42:35.877420
576,189,2024-06-26,973.51,19769,604,52,2025-07-23 23:42:35.878172
577,106,2022-01-07,169.22,3298,272,50,2025-07-23 23:42:35.878932
578,26,2023-02-09,3757.05,60563,3032,513,2025-07-23 23:42:35.879669
579,33,2022-06-17,2308.79,76604,1467,354,2025-07-23 23:42:35.880417
580,113,2022-09-23,2462.96,98819,6063,512,2025-07-23 23:42:35.881175
581,35,2022-01-14,3347.26,61283,6138,1641,2025-07-23 23:42:35.881942
582,122,2022-04-03,629.97,15829,1500,258,2025-07-23 23:42:35.882648
583,95,2023-09-25,2805.43,70799,6947,1547,2025-07-23 23:42:35.883319
584,57,2023-02-25,925.3,89742,2902,615,2025-07-23 23:42:35.883948
585,108,2023-02-22,712.17,8917,517,30,2025-07-23 23:42:35.884533
586,38,2023-05-04,1488.31,39144,5294,858,2025-07-23 23:42:35.886871
587,168,2023-03-27,1240.24,13578,1818,360,2025-07-23 23:42:35.887487
588,19,2024-10-01,1819.31,34936,4905,912,2025-07-23 23:42:35.888108
589,118,2024-08-02,961.9,10818,1147,92,2025-07-23 23:42:35.888725
590,194,2024-06-06,641.98,31497,3080,609,2025-07-23 23:42:35.889356
591,84,2023-09-29,1332.76,40318,3709,948,2025-07-23 23:42:35.890000
592,110,2023-08-14,881.0,29454,3689,699,2025-07-23 23:42:35.890658
593,97,2023-04-06,2646.32,73042,10121,1140,2025-07-23 23:42:35.891374
594,96,2023-04-03,7216.23,83897,1516,162,2025-07-23 23:42:35.896214
595,24,2024-06-06,8505.28,90555,12572,3130,2025-07-23 23:42:35.897049
596,11,2023-11-01,2092.68,29808,3577,938,2025-07-23 23:42:35.897793
597,6,2024-01-16,3123.06,52044,5132,1388,2025-07-23 23:42:35.898533
598,76,2023-09-12,1626.33,23949,2209,377,2025-07-23 23:42:35.899371
599,109,2024-09-14,2833.34,83861,10290,2819,2025-07-23 23:42:35.900111
600,18,2023-02-08,2268.93,23698,2440,295,2025-07-23 23:42:35.900867
601,89,2024-04-26,6601.93,97823,6158,1147,2025-07-23 23:42:35.901590
602,157,2024-11-16,548.4,8898,1012,177,2025-07-23 23:42:35.902357
603,17,2023-01-01,5511.55,70009,3924,869,2025-07-23 23:42:35.903114
604,72,2023-08-30,2672.48,98007,11555,1933,2025-07-23 23:42:35.903830
605,77,2022-06-24,6284.47,75654,10802,2863,2025-07-23 23:42:35.904546
606,75,2024-07-23,2214.54,27473,3090,293,2025-07-23 23:42:35.905387
607,148,2023-03-22,2110.28,46079,834,66,2025-07-23 23:42:35.906137
608,147,2023-03-20,284.76,5620,645,71,2025-07-23 23:42:35.906875
609,146,2022-08-03,2300.69,91676,3504,1014,2025-07-23 23:42:35.907588
610,100,2024-09-23,8056.1,87189,2517,574,2025-07-23 23:42:35.908325
611,114,2023-04-17,3640.83,54258,4872,637,2025-07-23 23:42:35.911910
612,85,2024-04-23,7593.56,96025,3076,437,2025-07-23 23:42:35.912654
613,56,2024-11-03,430.54,4913,124,25,2025-07-23 23:42:35.913440
614,170,2022-12-24,3895.88,47518,4589,1140,2025-07-23 23:42:35.914226
615,126,2023-07-18,115.08,4367,397,76,2025-07-23 23:42:35.914981
616,51,2023-08-03,2789.58,33508,2270,305,2025-07-23 23:42:35.915713
617,17,2023-01-16,7218.54,75562,7582,1166,2025-07-23 23:42:35.916469
618,63,2022-02-23,3643.49,42579,5144,435,2025-07-23 23:42:35.917230
619,24,2024-08-20,935.75,26158,3598,659,2025-07-23 23:42:35.917994
620,81,2023-04-20,1520.13,22383,1626,340,2025-07-23 23:42:35.918715
621,152,2023-10-27,7317.3,96585,4651,722,2025-07-23 23:42:35.922611
622,102,2024-04-16,1569.49,29816,1986,436,2025-07-23 23:42:35.923482
623,161,2023-11-30,6842.85,90648,4662,1192,2025-07-23 23:42:35.924301
624,6,2023-12-27,23.69,1959,205,57,2025-07-23 23:42:35.925107
625,143,2022-02-14,5612.41,57671,8620,1298,2025-07-23 23:42:35.925929
626,190,2024-07-04,229.92,17170,2428,485,2025-07-23 23:42:35.926704
627,98,2023-09-29,261.65,8997,411,50,2025-07-23 23:42:35.929005
628,43,2024-04-17,6704.53,76561,8455,1549,2025-07-23 23:42:35.929826
629,110,2022-07-14,7096.84,88131,8802,904,2025-07-23 23:42:35.930599
630,69,2022-07-02,1469.31,36291,4183,1135,2025-07-23 23:42:35.931417
631,9,2023-02-23,5740.64,84537,4860,1173,2025-07-23 23:42:35.932254
632,3,2024-05-23,2174.55,71424,3084,439,2025-07-23 23:42:35.933018
633,60,2022-12-08,375.96,29354,923,49,2025-07-23 23:42:35.934437
634,194,2023-01-17,55.0,1104,156,17,2025-07-23 23:42:35.938443
635,24,2024-01-24,2082.54,69774,5605,1330,2025-07-23 23:42:35.939250
636,127,2022-10-31,2272.07,42797,478,31,2025-07-23 23:42:35.939938
637,132,2022-08-01,1606.14,56383,5464,1313,2025-07-23 23:42:35.940544
638,185,2023-01-08,1767.72,41199,4641,835,2025-07-23 23:42:35.941200
639,85,2022-05-11,2951.24,32991,2964,495,2025-07-23 23:42:35.941815
640,28,2023-10-29,2161.5,44795,5454,1187,2025-07-23 23:42:35.942404
641,41,2023-11-15,3233.3,45637,4821,1005,2025-07-23 23:42:35.943010
642,113,2023-12-16,277.7,3678,431,28,2025-07-23 23:42:35.943572
643,57,2023-08-29,2864.08,30140,3775,674,2025-07-23 23:42:35.944208
644,183,2024-10-31,1032.51,40119,1296,100,2025-07-23 23:42:35.944880
645,20,2022-05-30,3390.92,34137,2421,588,2025-07-23 23:42:35.945551
646,48,2022-02-23,2047.08,90533,1087,58,2025-07-23 23:42:35.946260
647,153,2022-08-30,1024.09,37656,1801,294,2025-07-23 23:42:35.949457
648,198,2022-09-15,3444.19,53233,3476,953,2025-07-23 23:42:35.950214
649,96,2022-02-18,373.54,8317,1191,155,2025-07-23 23:42:35.950863
650,65,2023-04-27,1579.64,63748,1357,141,2025-07-23 23:42:35.951462
651,187,2022-01-21,3643.5,37123,4355,1206,2025-07-23 23:42:35.952102
652,197,2023-02-05,2438.57,52195,3888,748,2025-07-23 23:42:35.952679
653,7,2022-10-25,1862.45,56736,7861,1350,2025-07-23 23:42:35.953330
654,200,2024-05-07,1419.85,45410,4797,883,2025-07-23 23:42:35.953969
655,99,2023-08-26,3682.95,63337,2154,430,2025-07-23 23:42:35.954552
656,64,2023-07-26,3207.46,51336,3591,976,2025-07-23 23:42:35.955184
657,13,2022-06-05,1398.0,87010,1920,162,2025-07-23 23:42:35.955794
658,124,2022-03-13,1691.24,20942,2960,710,2025-07-23 23:42:35.956399
659,25,2023-07-13,114.96,6942,994,144,2025-07-23 23:42:35.957017
660,24,2022-09-24,3372.8,52881,2170,638,2025-07-23 23:42:35.957620
661,60,2023-12-31,1531.27,98534,1505,351,2025-07-23 23:42:35.958282
662,90,2022-11-28,6953.42,69785,2068,277,2025-07-23 23:42:35.958999
663,139,2022-10-27,1313.23,56057,3354,310,2025-07-23 23:42:35.959688
664,152,2023-11-23,488.6,27079,1617,344,2025-07-23 23:42:35.960443
665,168,2022-09-08,2276.02,86286,12588,2902,2025-07-23 23:42:35.961227
666,25,2022-01-29,2166.73,22179,1416,312,2025-07-23 23:42:35.962124
667,197,2024-11-04,3739.26,70432,8995,1945,2025-07-23 23:42:35.962980
668,24,2024-08-01,3944.69,45888,1021,277,2025-07-23 23:42:35.963735
669,115,2024-04-02,8204.33,97828,7916,2342,2025-07-23 23:42:35.964524
670,148,2023-03-11,9444.88,97890,3258,323,2025-07-23 23:42:35.965288
671,89,2022-06-19,1738.57,70828,2949,446,2025-07-23 23:42:35.966078
672,180,2022-01-16,5641.81,66482,6777,636,2025-07-23 23:42:35.966844
673,139,2024-03-22,629.5,10225,724,199,2025-07-23 23:42:35.967587
674,170,2024-03-14,3931.46,98607,7591,1261,2025-07-23 23:42:35.968333
675,77,2022-01-15,2212.42,60536,876,151,2025-07-23 23:42:35.969174
676,159,2023-11-11,1170.04,32687,602,171,2025-07-23 23:42:35.969956
677,108,2024-12-10,2703.86,40563,3412,224,2025-07-23 23:42:35.970676
678,189,2024-04-26,6957.31,85704,4981,1315,2025-07-23 23:42:35.971412
679,104,2023-11-02,144.52,1800,258,32,2025-07-23 23:42:35.972171
680,117,2023-08-25,8256.5,88801,7688,1058,2025-07-23 23:42:35.972926
681,196,2023-01-01,3772.82,45023,2080,540,2025-07-23 23:42:35.973659
682,76,2022-01-15,1247.6,36315,5056,1128,2025-07-23 23:42:35.974432
683,38,2023-07-22,541.27,19434,282,75,2025-07-23 23:42:35.975208
684,78,2024-08-17,4384.22,90714,4040,544,2025-07-23 23:42:35.978259
685,171,2024-12-15,948.57,25980,1894,535,2025-07-23 23:42:35.979005
686,11,2022-06-25,872.26,19077,1315,342,2025-07-23 23:42:35.979750
687,72,2022-08-13,3165.32,41232,704,169,2025-07-23 23:42:35.980522
688,64,2022-01-20,4396.71,53906,1664,227,2025-07-23 23:42:35.981310
689,194,2023-01-29,3704.97,52355,2920,208,2025-07-23 23:42:35.982367
690,112,2023-08-25,85.45,1980,264,68,2025-07-23 23:42:35.983189
691,85,2023-03-03,437.92,7394,214,24,2025-07-23 23:42:35.983910
692,119,2023-02-05,3144.33,44846,6209,602,2025-07-23 23:42:35.984612
693,27,2024-11-01,3408.67,63210,8636,2005,2025-07-23 23:42:35.985394
694,125,2022-03-11,7510.36,89425,3850,790,2025-07-23 23:42:35.986163
695,35,2022-01-05,6745.73,73500,5438,1334,2025-07-23 23:42:35.986927
696,12,2024-04-04,2338.42,58973,4126,352,2025-07-23 23:42:35.987655
697,191,2024-01-17,1438.33,22144,1318,344,2025-07-23 23:42:35.988414
698,118,2023-12-24,6101.36,94833,8488,2157,2025-07-23 23:42:35.989257
699,79,2024-02-29,2585.73,60681,969,114,2025-07-23 23:42:35.990093
700,39,2024-11-09,9696.65,98169,13164,3091,2025-07-23 23:42:35.990883
701,6,2024-04-05,5658.91,61027,4847,380,2025-07-23 23:42:35.991676
702,31,2023-01-29,3413.71,35066,990,194,2025-07-23 23:42:35.992561
703,125,2023-08-21,2267.49,49339,1874,388,2025-07-23 23:42:35.993391
704,34,2023-11-08,1134.02,90346,13171,3484,2025-07-23 23:42:35.994217
705,54,2022-01-08,5132.28,95452,8673,1907,2025-07-23 23:42:35.995035
706,101,2022-01-28,1794.51,54483,2074,123,2025-07-23 23:42:35.995872
707,70,2023-11-20,5539.5,71508,1832,509,2025-07-23 23:42:35.996665
708,34,2022-10-06,2189.88,28692,1030,99,2025-07-23 23:42:35.997505
709,175,2023-04-12,3361.76,64079,8716,2049,2025-07-23 23:42:35.998518
710,76,2023-01-21,1803.2,25495,1623,220,2025-07-23 23:42:35.999340
711,155,2022-06-15,837.07,16213,393,23,2025-07-23 23:42:36.000188
712,149,2024-06-18,397.67,4469,347,61,2025-07-23 23:42:36.001015
713,179,2022-11-15,713.21,58078,5243,1041,2025-07-23 23:42:36.001839
714,46,2023-05-31,1004.45,10766,414,76,2025-07-23 23:42:36.002662
715,22,2024-03-28,3755.68,76997,3775,993,2025-07-23 23:42:36.003490
716,29,2022-04-23,1202.18,32956,4445,872,2025-07-23 23:42:36.004311
717,38,2024-06-12,407.86,34322,4263,410,2025-07-23 23:42:36.005039
718,194,2022-09-15,3322.87,50497,5222,706,2025-07-23 23:42:36.005724
719,24,2022-12-23,2162.89,67136,4132,341,2025-07-23 23:42:36.006889
720,118,2024-03-20,750.18,64135,1923,225,2025-07-23 23:42:36.007674
721,37,2022-01-27,1163.47,74010,6663,1756,2025-07-23 23:42:36.008441
722,66,2022-08-22,3104.86,46188,2018,293,2025-07-23 23:42:36.009246
723,71,2024-05-22,1628.82,39594,3880,883,2025-07-23 23:42:36.009992
724,7,2024-01-27,4432.56,71931,2760,481,2025-07-23 23:42:36.010721
725,26,2024-02-20,562.67,6452,412,98,2025-07-23 23:42:36.011451
726,48,2023-08-16,6125.39,93374,2060,345,2025-07-23 23:42:36.012158
727,67,2022-08-28,2553.57,59041,4099,486,2025-07-23 23:42:36.012844
728,192,2023-12-23,2637.08,49917,4600,491,2025-07-23 23:42:36.013535
729,24,2024-12-04,258.59,3651,186,17,2025-07-23 23:42:36.014231
730,20,2022-06-06,1199.7,14817,1500,294,2025-07-23 23:42:36.014910
731,79,2024-10-14,1070.13,36030,2865,658,2025-07-23 23:42:36.015583
732,84,2023-09-19,3042.62,79950,6332,1136,2025-07-23 23:42:36.016277
733,104,2024-06-03,1069.26,52589,7248,1952,2025-07-23 23:42:36.016958
734,53,2022-05-31,2981.35,30565,2524,389,2025-07-23 23:42:36.017624
735,53,2022-12-30,972.53,15570,1278,218,2025-07-23 23:42:36.018315
736,128,2023-11-03,4955.87,85376,9381,1974,2025-07-23 23:42:36.018999
737,26,2022-08-16,984.11,30172,2792,411,2025-07-23 23:42:36.019668
738,108,2023-10-24,2515.77,57390,7610,1900,2025-07-23 23:42:36.020359
739,195,2022-06-14,272.54,3608,309,76,2025-07-23 23:42:36.021061
740,25,2023-12-28,6791.32,78561,3768,838,2025-07-23 23:42:36.021715
741,60,2024-07-02,1249.08,15300,1793,350,2025-07-23 23:42:36.022407
742,120,2024-11-21,2119.51,80523,10718,1121,2025-07-23 23:42:36.023155
743,106,2023-02-21,86.89,5326,709,126,2025-07-23 23:42:36.023836
744,163,2024-09-21,2968.52,42325,3816,1023,2025-07-23 23:42:36.024507
745,62,2024-12-08,926.46,23089,2316,399,2025-07-23 23:42:36.025200
746,141,2023-05-25,3152.6,68974,2285,487,2025-07-23 23:42:36.025871
747,84,2024-05-26,9084.26,91731,9053,493,2025-07-23 23:42:36.026565
748,40,2022-06-15,1077.17,56865,3665,1030,2025-07-23 23:42:36.027254
749,154,2023-03-11,426.27,6838,755,187,2025-07-23 23:42:36.027928
750,149,2024-12-30,9712.03,99512,12506,3524,2025-07-23 23:42:36.028594
751,45,2023-05-19,6043.35,65700,7287,1960,2025-07-23 23:42:36.029312
752,138,2022-10-15,715.47,7490,1068,210,2025-07-23 23:42:36.029987
753,183,2022-03-20,6163.07,79689,11043,2751,2025-07-23 23:42:36.030650
754,55,2023-08-07,1622.18,50740,4414,249,2025-07-23 23:42:36.031337
755,19,2023-06-15,298.44,20179,2700,799,2025-07-23 23:42:36.032008
756,83,2024-07-10,3164.51,57792,2891,455,2025-07-23 23:42:36.032671
757,58,2023-03-18,1009.85,25581,2203,316,2025-07-23 23:42:36.033367
758,115,2022-12-27,2546.64,74736,9507,987,2025-07-23 23:42:36.034054
759,166,2023-05-09,385.87,10712,1355,205,2025-07-23 23:42:36.034709
760,72,2022-10-20,1310.13,23615,1146,199,2025-07-23 23:42:36.035419
761,94,2024-10-01,4300.42,80216,7125,680,2025-07-23 23:42:36.036139
762,163,2022-10-09,1120.98,97662,7824,834,2025-07-23 23:42:36.036842
763,62,2023-12-29,2510.72,29097,805,80,2025-07-23 23:42:36.037535
764,193,2023-12-02,643.95,15733,596,102,2025-07-23 23:42:36.038237
765,197,2022-03-26,3787.48,52137,6935,1318,2025-07-23 23:42:36.038908
766,156,2023-04-17,7720.53,81844,9159,2068,2025-07-23 23:42:36.039579
767,70,2024-11-14,900.09,14759,952,139,2025-07-23 23:42:36.040264
768,138,2023-03-24,2543.01,94724,14099,1191,2025-07-23 23:42:36.040933
769,16,2022-12-21,177.93,8626,122,36,2025-07-23 23:42:36.041596
770,104,2023-11-15,2492.28,45016,460,66,2025-07-23 23:42:36.042280
771,61,2023-09-23,3859.38,69930,5575,687,2025-07-23 23:42:36.042956
772,130,2023-02-16,170.98,4096,326,94,2025-07-23 23:42:36.043615
773,88,2024-06-18,2731.69,96642,8161,1035,2025-07-23 23:42:36.044298
774,75,2023-01-15,2963.55,33822,2000,504,2025-07-23 23:42:36.044968
775,40,2023-01-12,2808.52,66987,9993,1090,2025-07-23 23:42:36.045641
776,10,2022-04-07,2948.46,32949,4909,420,2025-07-23 23:42:36.046325
777,122,2023-04-21,1816.19,48229,2872,269,2025-07-23 23:42:36.046995
778,82,2023-12-10,6117.36,71940,3147,694,2025-07-23 23:42:36.047685
779,37,2022-05-22,4724.64,94001,4463,1107,2025-07-23 23:42:36.048368
780,71,2022-06-23,2050.12,64702,1885,434,2025-07-23 23:42:36.049078
781,17,2022-10-27,3086.73,45657,4258,269,2025-07-23 23:42:36.049734
782,66,2024-10-24,1063.58,62274,4896,792,2025-07-23 23:42:36.050419
783,108,2022-07-03,345.0,23225,1558,177,2025-07-23 23:42:36.051245
784,174,2022-04-22,5669.8,75408,9472,680,2025-07-23 23:42:36.052165
785,43,2024-07-10,2323.75,77203,9099,2641,2025-07-23 23:42:36.052900
786,17,2022-06-13,1732.22,63741,3994,771,2025-07-23 23:42:36.053608
787,47,2023-05-30,7865.25,81615,5615,1009,2025-07-23 23:42:36.054342
788,104,2023-02-17,908.84,71311,1367,98,2025-07-23 23:42:36.055039
789,76,2024-01-07,4221.25,47102,803,108,2025-07-23 23:42:36.055716
790,124,2023-10-11,2023.45,84497,1815,259,2025-07-23 23:42:36.056486
791,13,2022-11-15,1346.23,16639,1965,252,2025-07-23 23:42:36.057229
792,194,2023-12-10,1163.78,12345,1829,149,2025-07-23 23:42:36.057991
793,82,2024-05-24,1891.1,33919,3023,287,2025-07-23 23:42:36.058679
794,198,2023-09-02,885.7,32859,619,102,2025-07-23 23:42:36.059385
795,22,2023-04-22,2193.37,58267,6948,860,2025-07-23 23:42:36.060070
796,145,2022-05-15,501.59,20297,1963,328,2025-07-23 23:42:36.060774
797,167,2024-09-08,2108.34,54511,1089,176,2025-07-23 23:42:36.061460
798,141,2024-09-13,126.18,6201,151,16,2025-07-23 23:42:36.062173
799,34,2023-02-12,3783.95,89599,2700,152,2025-07-23 23:42:36.062868
800,103,2022-07-31,368.6,17172,601,152,2025-07-23 23:42:36.063543
801,18,2023-03-01,5481.07,99978,8370,2257,2025-07-23 23:42:36.064249
802,170,2022-04-16,5016.37,94083,6364,1763,2025-07-23 23:42:36.065076
803,168,2022-01-07,2120.96,24491,3570,779,2025-07-23 23:42:36.066118
804,139,2022-12-01,494.31,48643,1276,93,2025-07-23 23:42:36.067078
805,116,2024-05-23,906.42,35036,2755,788,2025-07-23 23:42:36.067990
806,10,2022-12-01,790.33,16303,896,194,2025-07-23 23:42:36.068941
807,44,2024-02-09,45.47,1121,113,25,2025-07-23 23:42:36.069887
808,199,2023-06-08,6227.4,76796,1959,474,2025-07-23 23:42:36.070844
809,10,2022-12-22,2462.97,43572,997,95,2025-07-23 23:42:36.071742
810,143,2022-07-12,2929.89,76172,10333,2671,2025-07-23 23:42:36.075084
811,147,2022-10-18,3078.92,37203,3053,911,2025-07-23 23:42:36.076033
812,199,2022-08-18,928.52,47196,5750,291,2025-07-23 23:42:36.076952
813,63,2022-08-29,2673.72,75310,2289,302,2025-07-23 23:42:36.077788
814,7,2022-11-27,4461.18,89526,8055,1185,2025-07-23 23:42:36.078602
815,38,2024-07-22,676.14,10995,626,32,2025-07-23 23:42:36.079587
816,22,2022-02-24,3245.77,92097,8670,1826,2025-07-23 23:42:36.080514
817,72,2022-01-18,1488.72,87294,7202,1746,2025-07-23 23:42:36.081332
818,117,2024-05-14,1709.61,27004,1449,420,2025-07-23 23:42:36.082027
819,27,2022-07-29,6124.48,73014,3459,940,2025-07-23 23:42:36.082533
820,33,2023-08-25,231.7,21123,1626,241,2025-07-23 23:42:36.083147
821,116,2024-09-16,3722.63,55567,4089,937,2025-07-23 23:42:36.083722
822,32,2022-05-21,6802.72,80014,1830,368,2025-07-23 23:42:36.084300
823,86,2024-09-13,1962.24,68355,8461,2348,2025-07-23 23:42:36.084913
824,173,2024-02-11,2397.01,53237,6140,1831,2025-07-23 23:42:36.085689
825,147,2024-03-03,4975.89,50533,2973,500,2025-07-23 23:42:36.086939
826,177,2022-09-18,989.16,11528,147,30,2025-07-23 23:42:36.087679
827,9,2023-08-26,173.42,5701,848,75,2025-07-23 23:42:36.088329
828,10,2024-12-20,2128.99,46702,775,202,2025-07-23 23:42:36.089012
829,119,2022-11-23,562.23,6205,429,94,2025-07-23 23:42:36.089616
830,22,2022-07-29,375.67,27292,2704,568,2025-07-23 23:42:36.090255
831,134,2023-07-12,1492.65,41757,3254,951,2025-07-23 23:42:36.090871
832,42,2022-02-26,2440.59,39155,2851,764,2025-07-23 23:42:36.091476
833,164,2024-03-30,7692.54,86344,10792,1849,2025-07-23 23:42:36.092095
834,151,2023-09-03,7132.05,71528,10108,1491,2025-07-23 23:42:36.092789
835,28,2023-12-14,2268.9,35958,4492,263,2025-07-23 23:42:36.093519
836,99,2024-09-25,3085.09,58059,3009,775,2025-07-23 23:42:36.094281
837,174,2022-05-21,4098.12,69870,2077,483,2025-07-23 23:42:36.095031
838,189,2023-05-29,5118.57,75956,1162,170,2025-07-23 23:42:36.095724
839,54,2022-03-11,3474.19,46347,5283,1392,2025-07-23 23:42:36.096506
840,53,2022-06-07,4802.25,99138,1758,244,2025-07-23 23:42:36.097244
841,169,2023-07-02,928.97,44342,1053,309,2025-07-23 23:42:36.097968
842,178,2023-05-21,1812.99,30065,1434,137,2025-07-23 23:42:36.098695
843,194,2023-11-22,3400.08,70183,3192,430,2025-07-23 23:42:36.099371
844,20,2022-01-14,4944.17,79434,8962,2138,2025-07-23 23:42:36.100013
845,199,2024-02-25,1293.62,73141,1659,403,2025-07-23 23:42:36.100620
846,107,2024-03-31,505.97,26200,2388,604,2025-07-23 23:42:36.101295
847,77,2024-10-20,3769.15,89735,13141,3569,2025-07-23 23:42:36.101920
848,68,2023-11-24,1673.28,21227,1278,275,2025-07-23 23:42:36.102525
849,71,2022-01-31,3128.16,33174,2619,766,2025-07-23 23:42:36.103312
850,141,2023-04-07,1121.13,38757,4328,966,2025-07-23 23:42:36.103945
851,20,2023-08-22,4244.94,63548,6611,1704,2025-07-23 23:42:36.104559
852,79,2022-06-29,1538.03,19583,2143,159,2025-07-23 23:42:36.105195
853,159,2024-07-17,365.46,11702,954,225,2025-07-23 23:42:36.105808
854,83,2022-01-02,2108.75,99155,13104,1363,2025-07-23 23:42:36.106420
855,69,2022-05-01,1112.68,19207,928,152,2025-07-23 23:42:36.107060
856,21,2024-06-28,170.74,8985,1296,117,2025-07-23 23:42:36.107660
857,56,2024-02-19,4819.85,53548,1583,285,2025-07-23 23:42:36.108298
858,90,2024-03-29,92.56,2981,245,67,2025-07-23 23:42:36.108957
859,70,2023-06-09,6335.41,92194,13179,3267,2025-07-23 23:42:36.109552
860,86,2024-08-04,8080.5,86421,4277,265,2025-07-23 23:42:36.110185
861,96,2023-02-25,5034.62,64759,1301,91,2025-07-23 23:42:36.110791
862,10,2022-04-04,1682.12,52240,2070,133,2025-07-23 23:42:36.111402
863,161,2022-07-13,3272.05,83779,6381,1183,2025-07-23 23:42:36.112023
864,82,2024-05-10,3761.99,46585,524,115,2025-07-23 23:42:36.112618
865,180,2023-02-22,3661.35,61639,3774,696,2025-07-23 23:42:36.113258
866,38,2024-08-02,3824.23,40947,2162,630,2025-07-23 23:42:36.113897
867,27,2024-11-01,768.81,31314,1748,397,2025-07-23 23:42:36.114515
868,132,2024-06-18,4691.1,77138,4567,729,2025-07-23 23:42:36.115270
869,165,2024-06-06,6052.08,73556,7562,1106,2025-07-23 23:42:36.115904
870,34,2022-08-05,2306.99,49725,6218,1860,2025-07-23 23:42:36.116520
871,174,2024-07-09,691.24,45554,6491,448,2025-07-23 23:42:36.117146
872,144,2023-05-08,982.23,15970,776,118,2025-07-23 23:42:36.117729
873,51,2023-07-16,1391.03,81019,8253,1753,2025-07-23 23:42:36.118396
874,101,2023-11-28,421.34,7608,85,12,2025-07-23 23:42:36.119036
875,126,2024-05-14,6949.04,87265,5667,393,2025-07-23 23:42:36.119638
876,22,2024-10-24,652.24,64005,2807,788,2025-07-23 23:42:36.120272
877,178,2022-07-18,4494.0,93621,11124,1240,2025-07-23 23:42:36.120896
878,160,2024-05-01,8248.58,95371,13944,2330,2025-07-23 23:42:36.121503
879,58,2023-02-09,6131.81,91465,8219,2264,2025-07-23 23:42:36.122320
880,51,2024-01-12,2690.2,45414,2669,359,2025-07-23 23:42:36.122967
881,168,2022-02-20,478.2,26987,2870,499,2025-07-23 23:42:36.123574
882,92,2023-05-03,4750.23,69256,2041,458,2025-07-23 23:42:36.124231
883,24,2024-05-14,310.04,25406,715,82,2025-07-23 23:42:36.124866
884,199,2022-05-26,3567.27,54572,2527,352,2025-07-23 23:42:36.125480
885,189,2024-06-06,4185.55,48268,901,248,2025-07-23 23:42:36.126114
886,40,2024-12-04,3577.55,37916,5121,615,2025-07-23 23:42:36.126710
887,131,2023-08-15,7387.45,78352,5241,1382,2025-07-23 23:42:36.127348
888,77,2024-06-18,2938.27,47389,1527,132,2025-07-23 23:42:36.127973
889,117,2023-11-25,3315.61,52776,1913,259,2025-07-23 23:42:36.128569
890,34,2023-02-27,3570.81,80033,3418,418,2025-07-23 23:42:36.129253
891,94,2023-10-12,8884.88,89460,11878,3046,2025-07-23 23:42:36.129899
892,68,2024-04-29,4967.79,70012,6465,1895,2025-07-23 23:42:36.130504
893,45,2022-12-29,4677.2,94398,6260,1726,2025-07-23 23:42:36.131132
894,110,2023-02-19,3375.33,46641,1142,181,2025-07-23 23:42:36.131718
895,176,2022-06-02,1925.62,23831,2760,620,2025-07-23 23:42:36.132361
896,169,2022-05-06,298.88,6840,880,58,2025-07-23 23:42:36.132987
897,158,2024-07-14,2269.75,88645,5712,622,2025-07-23 23:42:36.133576
898,171,2024-02-23,3819.33,62724,2615,579,2025-07-23 23:42:36.134251
899,134,2023-12-24,5455.91,60121,4102,770,2025-07-23 23:42:36.134891
900,81,2024-04-09,3052.81,84473,4380,463,2025-07-23 23:42:36.135511
901,103,2023-05-15,1435.88,56760,3577,985,2025-07-23 23:42:36.136141
902,162,2022-05-07,265.76,3851,169,29,2025-07-23 23:42:36.136726
903,55,2024-07-01,4726.55,77699,4397,1169,2025-07-23 23:42:36.137361
904,171,2023-05-13,1046.67,39604,3386,819,2025-07-23 23:42:36.137980
905,181,2024-01-09,4720.25,53614,6399,341,2025-07-23 23:42:36.138587
906,17,2024-05-17,4631.0,59118,1118,74,2025-07-23 23:42:36.139222
907,125,2023-08-15,2886.12,33109,2740,719,2025-07-23 23:42:36.139834
908,135,2022-06-17,751.53,45959,791,171,2025-07-23 23:42:36.140447
909,69,2022-11-05,1988.89,31299,3677,919,2025-07-23 23:42:36.141092
910,166,2022-05-29,7361.54,93088,6146,1173,2025-07-23 23:42:36.141683
911,144,2023-02-06,734.19,28569,1002,78,2025-07-23 23:42:36.142322
912,86,2022-03-05,259.66,7449,1080,250,2025-07-23 23:42:36.142957
913,120,2023-12-25,871.84,28145,1894,138,2025-07-23 23:42:36.143554
914,56,2022-05-03,5950.75,89910,9203,1370,2025-07-23 23:42:36.144187
915,104,2024-12-17,3759.96,49986,969,248,2025-07-23 23:42:36.144809
916,8,2022-09-18,965.06,11659,1547,300,2025-07-23 23:42:36.145422
917,84,2024-02-03,1155.62,12934,179,37,2025-07-23 23:42:36.146199
918,18,2024-05-20,9119.55,98498,8726,1028,2025-07-23 23:42:36.146845
919,196,2024-06-03,3399.79,45662,5688,1586,2025-07-23 23:42:36.147510
920,170,2022-07-22,5601.81,96386,12740,2031,2025-07-23 23:42:36.148163
921,117,2022-04-14,2882.28,32757,2126,183,2025-07-23 23:42:36.148809
922,120,2022-05-25,3714.61,61234,894,212,2025-07-23 23:42:36.149422
923,136,2022-07-25,3486.91,71979,3057,548,2025-07-23 23:42:36.150046
924,70,2024-02-19,945.74,32018,2224,294,2025-07-23 23:42:36.150653
925,129,2022-07-25,1717.84,34308,1358,168,2025-07-23 23:42:36.151397
926,195,2023-04-02,3847.65,56628,6798,1110,2025-07-23 23:42:36.152152
927,64,2023-08-06,1419.86,18410,717,60,2025-07-23 23:42:36.152862
928,150,2024-04-30,2329.93,89890,6741,1357,2025-07-23 23:42:36.153865
929,52,2022-06-16,1992.05,50201,5883,1649,2025-07-23 23:42:36.154689
930,68,2023-01-27,6270.76,83799,3306,776,2025-07-23 23:42:36.155490
931,174,2022-06-02,8508.9,92710,2604,267,2025-07-23 23:42:36.156299
932,182,2023-04-17,330.18,17134,2109,210,2025-07-23 23:42:36.157068
933,110,2023-04-03,5127.39,95117,10035,1397,2025-07-23 23:42:36.157835
934,186,2024-04-23,982.74,24929,985,51,2025-07-23 23:42:36.158570
935,179,2023-11-01,3180.34,83076,9005,521,2025-07-23 23:42:36.159379
936,71,2022-02-09,4914.89,73509,3763,672,2025-07-23 23:42:36.160136
937,143,2024-07-14,4024.79,66084,975,229,2025-07-23 23:42:36.160929
938,111,2023-04-01,1438.68,30041,612,179,2025-07-23 23:42:36.161685
939,2,2023-08-28,4243.01,48643,7249,1141,2025-07-23 23:42:36.162452
940,39,2023-01-29,6362.41,82557,11632,1469,2025-07-23 23:42:36.163252
941,155,2022-07-11,3432.15,39105,2624,506,2025-07-23 23:42:36.164034
942,197,2023-07-09,2482.61,63881,5848,1006,2025-07-23 23:42:36.164808
943,151,2024-02-29,4203.36,98593,11233,2641,2025-07-23 23:42:36.165537
944,101,2023-03-14,536.71,6162,302,89,2025-07-23 23:42:36.166299
945,184,2024-08-08,1016.29,43283,1058,151,2025-07-23 23:42:36.167057
946,34,2024-12-04,3234.36,95905,7118,1805,2025-07-23 23:42:36.167835
947,175,2024-01-23,853.63,24323,2229,453,2025-07-23 23:42:36.168577
948,10,2022-09-07,2975.65,68384,2929,822,2025-07-23 23:42:36.169371
949,176,2024-11-19,9437.55,98065,3731,492,2025-07-23 23:42:36.170244
950,91,2022-02-24,215.81,8101,266,28,2025-07-23 23:42:36.171037
951,183,2022-05-31,4272.94,95763,8978,1098,2025-07-23 23:42:36.171807
952,87,2024-05-23,1620.47,62469,6119,722,2025-07-23 23:42:36.172537
953,48,2022-04-12,2625.54,66942,1743,258,2025-07-23 23:42:36.173330
954,172,2023-05-27,2121.69,56484,3726,848,2025-07-23 23:42:36.174793
955,97,2024-11-26,8321.3,90190,3615,733,2025-07-23 23:42:36.175484
956,106,2024-10-21,83.05,2063,165,22,2025-07-23 23:42:36.176233
957,26,2023-12-31,4017.05,89613,4578,455,2025-07-23 23:42:36.176987
958,78,2022-10-08,5621.39,84270,3305,914,2025-07-23 23:42:36.177707
959,15,2024-01-02,992.77,19538,1115,127,2025-07-23 23:42:36.178521
960,118,2022-02-21,1777.75,86865,5123,967,2025-07-23 23:42:36.179382
961,20,2023-05-24,1162.13,84776,4479,753,2025-07-23 23:42:36.180166
962,51,2024-11-27,1614.69,48361,2578,352,2025-07-23 23:42:36.180948
963,1,2024-04-22,706.35,56966,4327,792,2025-07-23 23:42:36.181691
964,141,2023-02-06,2861.53,63816,4444,274,2025-07-23 23:42:36.182581
965,168,2023-11-16,1065.09,35319,1085,313,2025-07-23 23:42:36.183462
966,197,2024-05-05,584.96,9947,851,171,2025-07-23 23:42:36.184619
967,157,2023-06-17,1364.94,44660,4723,1218,2025-07-23 23:42:36.185392
968,176,2022-08-20,309.98,4416,163,33,2025-07-23 23:42:36.186190
969,95,2024-12-04,1778.19,77419,3727,434,2025-07-23 23:42:36.186997
970,83,2024-02-14,4373.01,84892,6598,1630,2025-07-23 23:42:36.187735
971,28,2023-11-18,174.75,4067,387,31,2025-07-23 23:42:36.188481
972,162,2024-07-24,2506.54,76659,3271,337,2025-07-23 23:42:36.189272
973,87,2022-07-24,913.37,52778,5229,1004,2025-07-23 23:42:36.190055
974,95,2022-11-10,5009.0,58083,6188,528,2025-07-23 23:42:36.190833
975,132,2023-01-29,1689.1,33914,1573,302,2025-07-23 23:42:36.191554
976,153,2024-02-24,1080.96,28715,2769,270,2025-07-23 23:42:36.192281
977,44,2023-07-22,3351.76,64977,3672,993,2025-07-23 23:42:36.192871
978,135,2023-04-27,28.86,1355,127,20,2025-07-23 23:42:36.193362
979,68,2024-03-28,766.57,53842,4254,962,2025-07-23 23:42:36.193918
980,69,2023-09-03,4011.23,52019,4045,1062,2025-07-23 23:42:36.194395
981,105,2022-08-19,3870.0,64516,1025,140,2025-07-23 23:42:36.194924
982,85,2024-07-19,5226.97,79540,8427,481,2025-07-23 23:42:36.195378
983,6,2024-11-07,81.11,1599,46,8,2025-07-23 23:42:36.196039
984,17,2022-08-13,2623.86,84398,6780,1329,2025-07-23 23:42:36.196710
985,133,2022-02-17,295.51,15851,1377,364,2025-07-23 23:42:36.197430
986,157,2023-05-22,4549.3,64006,9284,1081,2025-07-23 23:42:36.198156
987,149,2023-01-05,1169.93,60962,7253,445,2025-07-23 23:42:36.198831
988,94,2024-03-19,6884.59,85116,7146,1767,2025-07-23 23:42:36.199432
989,148,2022-12-10,1642.95,17059,1013,223,2025-07-23 23:42:36.200058
990,148,2024-09-03,1158.95,17190,2313,551,2025-07-23 23:42:36.200644
991,11,2022-02-07,280.73,7152,955,219,2025-07-23 23:42:36.201271
992,38,2023-07-28,2326.95,36932,5428,1317,2025-07-23 23:42:36.201867
993,138,2022-12-15,2945.86,40982,2067,535,2025-07-23 23:42:36.202451
994,60,2024-05-25,4059.49,47068,6041,1714,2025-07-23 23:42:36.203087
995,119,2022-12-15,882.08,13791,211,45,2025-07-23 23:42:36.203904
996,22,2023-05-06,1270.9,88725,7146,1240,2025-07-23 23:42:36.204593
997,24,2023-03-17,211.82,5941,522,82,2025-07-23 23:42:36.205318
998,27,2022-08-17,3645.04,45271,4623,1066,2025-07-23 23:42:36.206021
999,10,2024-08-28,3501.77,82669,7916,535,2025-07-23 23:42:36.206702
1000,47,2024-05-10,2544.94,72725,6928,1369,2025-07-23 23:42:36.207452
