return_key,return_id,sales_key,product_key,date_key,quantity_returned,return_amount,return_reason,created_at
1,R-f351dea3,2844,952,2024-03-01,2,663.05,Damaged,2025-07-23 23:42:33.414840
2,R-6512d5bf,423,858,2024-06-09,1,275.8,Late Delivery,2025-07-23 23:42:33.416888
3,R-ca678975,4830,984,2024-06-19,2,740.9,Damaged,2025-07-23 23:42:33.418800
4,R-eadef8f0,2136,1431,2024-11-12,1,13.08,Late Delivery,2025-07-23 23:42:33.420698
5,R-8c7df2c0,3268,609,2023-06-26,3,994.81,Wrong Size,2025-07-23 23:42:33.422564
6,R-06f87cac,733,1081,2024-05-31,1,189.88,Wrong Size,2025-07-23 23:42:33.424396
7,R-e099c22a,956,442,2024-01-22,2,286.75,Changed Mind,2025-07-23 23:42:33.426308
8,R-6e0f5f2a,4006,639,2024-12-20,1,74.72,Late Delivery,2025-07-23 23:42:33.428022
9,R-47a714a1,1754,1483,2024-03-24,1,181.66,Damaged,2025-07-23 23:42:33.429591
10,R-3517b9d2,4999,951,2024-05-01,2,680.26,Changed Mind,2025-07-23 23:42:33.431160
11,R-e1e8d121,4548,930,2022-09-29,1,223.84,Changed Mind,2025-07-23 23:42:33.432707
12,R-f3b914fd,4133,120,2023-05-30,3,157.12,Wrong Size,2025-07-23 23:42:33.434299
13,R-58ace817,619,757,2024-12-30,3,1136.65,Wrong Size,2025-07-23 23:42:33.435821
14,R-0fef5d96,3832,866,2024-09-09,1,456.29,Wrong Size,2025-07-23 23:42:33.438003
15,R-d0613eb2,1034,594,2024-06-18,1,405.8,Wrong Size,2025-07-23 23:42:33.439745
16,R-bc3fe2b4,922,187,2024-12-16,2,790.88,Wrong Size,2025-07-23 23:42:33.441417
17,R-88bc39a7,3575,1001,2024-03-25,3,241.9,Wrong Size,2025-07-23 23:42:33.443050
18,R-7e985acc,1368,1085,2023-08-21,1,66.8,Late Delivery,2025-07-23 23:42:33.444654
19,R-fcd82cfc,2557,137,2024-09-09,1,144.78,Wrong Size,2025-07-23 23:42:33.446227
20,R-7c739f98,1313,39,2023-08-04,3,1094.23,Changed Mind,2025-07-23 23:42:33.448112
21,R-35e8e58e,925,1024,2024-11-26,2,116.58,Damaged,2025-07-23 23:42:33.450368
22,R-374ef187,4940,1483,2024-11-28,1,88.03,Damaged,2025-07-23 23:42:33.451999
23,R-ecce5ed4,2107,186,2023-11-05,1,112.92,Changed Mind,2025-07-23 23:42:33.453551
24,R-b972b2e9,1774,47,2023-07-11,1,390.15,Changed Mind,2025-07-23 23:42:33.455176
25,R-b4fd1802,358,981,2024-10-05,2,342.06,Wrong Size,2025-07-23 23:42:33.457493
26,R-9da9ad78,1752,1387,2024-01-17,2,553.0,Changed Mind,2025-07-23 23:42:33.459261
27,R-d73e1c15,2607,309,2024-06-04,1,34.36,Damaged,2025-07-23 23:42:33.460827
28,R-f823c1f9,2061,884,2023-07-20,3,417.72,Late Delivery,2025-07-23 23:42:33.462386
29,R-c3733029,567,33,2023-11-21,2,800.22,Changed Mind,2025-07-23 23:42:33.464380
30,R-c4c863b3,1141,553,2023-06-18,3,176.13,Wrong Size,2025-07-23 23:42:33.466114
31,R-9322c7bc,3408,213,2024-11-27,3,581.29,Late Delivery,2025-07-23 23:42:33.467695
32,R-f5fd33fd,551,242,2024-05-02,3,270.29,Late Delivery,2025-07-23 23:42:33.469317
33,R-ff9bad08,4637,694,2023-03-20,1,423.38,Wrong Size,2025-07-23 23:42:33.472225
34,R-9c489100,4349,1009,2024-11-04,3,956.95,Damaged,2025-07-23 23:42:33.473822
35,R-bf2ab35b,2792,450,2023-12-13,1,187.05,Damaged,2025-07-23 23:42:33.475429
36,R-e7cf44de,181,649,2024-10-16,1,11.65,Late Delivery,2025-07-23 23:42:33.479744
37,R-e31e333e,3992,1166,2024-12-18,2,182.99,Wrong Size,2025-07-23 23:42:33.481504
38,R-7059d83d,3127,43,2024-09-11,2,796.64,Wrong Size,2025-07-23 23:42:33.483086
39,R-9825b6ce,4078,216,2022-04-12,2,497.58,Changed Mind,2025-07-23 23:42:33.484653
40,R-23450f72,2574,1406,2024-10-04,2,387.39,Late Delivery,2025-07-23 23:42:33.486316
41,R-0185ab24,1522,343,2024-10-02,2,539.9,Changed Mind,2025-07-23 23:42:33.487974
42,R-a1c817c6,55,587,2024-11-09,2,772.8,Changed Mind,2025-07-23 23:42:33.489482
43,R-d2591eab,2241,919,2024-04-18,1,119.93,Late Delivery,2025-07-23 23:42:33.491110
44,R-5368b4ea,1176,384,2023-07-15,1,340.69,Damaged,2025-07-23 23:42:33.494335
45,R-857469e5,367,888,2024-10-30,2,313.26,Wrong Size,2025-07-23 23:42:33.498128
46,R-8e354f57,3671,300,2024-05-16,1,140.97,Late Delivery,2025-07-23 23:42:33.499674
47,R-72a6e4ba,4954,291,2024-03-02,1,323.55,Wrong Size,2025-07-23 23:42:33.501221
48,R-8922f91a,3633,344,2024-12-26,3,332.27,Late Delivery,2025-07-23 23:42:33.502672
49,R-a2c74207,1333,734,2023-09-30,1,259.66,Late Delivery,2025-07-23 23:42:33.504275
50,R-f3d88621,2004,370,2024-07-15,2,500.73,Wrong Size,2025-07-23 23:42:33.505744
51,R-3050a0d7,3934,775,2022-10-02,2,278.19,Wrong Size,2025-07-23 23:42:33.507553
52,R-5cc6a850,247,902,2024-06-11,1,112.33,Changed Mind,2025-07-23 23:42:33.509794
53,R-2db96f11,4993,965,2023-09-01,1,91.48,Late Delivery,2025-07-23 23:42:33.511809
54,R-5461ff4b,3589,1017,2024-06-23,2,49.52,Wrong Size,2025-07-23 23:42:33.514026
55,R-f4cce0cd,1476,234,2023-07-20,2,225.39,Changed Mind,2025-07-23 23:42:33.515725
56,R-606def00,1928,948,2023-07-14,1,180.35,Late Delivery,2025-07-23 23:42:33.517313
57,R-a4a42203,4014,556,2024-12-28,1,315.9,Late Delivery,2025-07-23 23:42:33.519171
58,R-8312f615,521,217,2024-02-22,2,147.64,Late Delivery,2025-07-23 23:42:33.523294
59,R-00b0acd5,31,1333,2023-06-01,3,433.4,Changed Mind,2025-07-23 23:42:33.524932
60,R-76ecde35,4362,654,2024-07-11,1,166.55,Wrong Size,2025-07-23 23:42:33.529133
61,R-a0af61df,321,318,2023-06-06,1,258.24,Changed Mind,2025-07-23 23:42:33.530858
62,R-5382e299,4866,686,2024-07-10,2,170.67,Wrong Size,2025-07-23 23:42:33.533750
63,R-0cace9fc,405,1360,2024-12-23,1,66.17,Damaged,2025-07-23 23:42:33.535381
64,R-895c201f,1534,344,2023-04-03,2,900.31,Late Delivery,2025-07-23 23:42:33.538648
65,R-a12002d9,1538,51,2022-06-03,1,257.03,Late Delivery,2025-07-23 23:42:33.540433
66,R-2729841c,187,371,2024-08-08,3,515.73,Changed Mind,2025-07-23 23:42:33.544068
67,R-aa8a8075,1808,945,2024-11-13,1,330.84,Changed Mind,2025-07-23 23:42:33.545614
68,R-24437fb6,3801,8,2023-05-15,1,177.6,Wrong Size,2025-07-23 23:42:33.547187
69,R-733331ba,3916,260,2022-11-25,2,326.83,Changed Mind,2025-07-23 23:42:33.548737
70,R-57d4f656,4177,1390,2024-12-30,1,309.17,Damaged,2025-07-23 23:42:33.550242
71,R-6c87fcbc,4081,339,2022-08-07,1,385.33,Damaged,2025-07-23 23:42:33.554806
72,R-b3ba35e7,1369,100,2024-01-12,2,758.62,Wrong Size,2025-07-23 23:42:33.556372
73,R-89465930,3780,893,2023-12-25,1,295.37,Damaged,2025-07-23 23:42:33.557910
74,R-e42a465c,1059,1130,2024-08-20,2,363.62,Damaged,2025-07-23 23:42:33.559386
75,R-6cc9923a,4727,887,2024-07-27,1,329.67,Wrong Size,2025-07-23 23:42:33.560933
76,R-c233068e,4729,830,2024-02-04,2,125.11,Damaged,2025-07-23 23:42:33.562438
77,R-b16becc9,3171,1022,2023-12-29,1,20.78,Wrong Size,2025-07-23 23:42:33.568141
78,R-c6b13b04,3035,775,2024-10-25,3,1174.74,Wrong Size,2025-07-23 23:42:33.569724
79,R-92b86145,4955,279,2024-05-27,1,33.72,Late Delivery,2025-07-23 23:42:33.571263
80,R-853bbbbe,744,1129,2023-11-16,1,328.88,Wrong Size,2025-07-23 23:42:33.572779
81,R-0dc63975,4540,352,2023-12-07,3,257.24,Wrong Size,2025-07-23 23:42:33.574305
82,R-04008d3c,2277,404,2024-01-15,1,135.05,Wrong Size,2025-07-23 23:42:33.575764
83,R-81f1a90f,3835,14,2022-09-20,1,353.44,Late Delivery,2025-07-23 23:42:33.577333
84,R-e7242701,2405,1175,2022-10-18,2,803.8,Changed Mind,2025-07-23 23:42:33.578977
85,R-0b7f439e,1036,394,2024-07-27,1,378.52,Damaged,2025-07-23 23:42:33.585501
86,R-0198513c,2557,137,2024-11-11,1,126.08,Damaged,2025-07-23 23:42:33.587088
87,R-dd272171,3739,446,2024-12-08,1,86.67,Wrong Size,2025-07-23 23:42:33.588651
88,R-85d1e742,716,1175,2024-04-13,2,39.8,Changed Mind,2025-07-23 23:42:33.590239
89,R-35613c7d,1751,380,2024-05-02,1,384.75,Changed Mind,2025-07-23 23:42:33.591746
90,R-36282880,938,242,2024-06-24,3,1069.67,Late Delivery,2025-07-23 23:42:33.598500
91,R-9b060c15,1365,691,2024-06-26,1,195.11,Damaged,2025-07-23 23:42:33.600099
92,R-7a17a2da,3783,115,2024-12-28,2,835.42,Damaged,2025-07-23 23:42:33.601575
93,R-8987215e,4591,218,2024-09-14,1,210.44,Late Delivery,2025-07-23 23:42:33.603135
94,R-50599617,1372,469,2024-11-23,1,337.19,Wrong Size,2025-07-23 23:42:33.604676
95,R-712840c4,540,327,2024-07-15,3,533.74,Wrong Size,2025-07-23 23:42:33.611521
96,R-56e0f622,154,592,2023-03-28,3,830.41,Late Delivery,2025-07-23 23:42:33.613135
97,R-73ead351,1122,661,2024-04-23,1,136.57,Damaged,2025-07-23 23:42:33.614656
98,R-91130580,3667,202,2024-02-11,1,97.94,Changed Mind,2025-07-23 23:42:33.616210
99,R-774a85e5,112,488,2023-12-06,1,21.56,Late Delivery,2025-07-23 23:42:33.622814
100,R-accbeeac,3277,1464,2024-12-12,2,335.21,Damaged,2025-07-23 23:42:33.624575
101,R-139e31ef,3675,323,2024-09-11,1,420.74,Changed Mind,2025-07-23 23:42:33.626138
102,R-20c66421,826,1296,2024-08-06,1,141.53,Changed Mind,2025-07-23 23:42:33.627672
103,R-8357d2d6,2499,354,2023-04-28,1,239.55,Changed Mind,2025-07-23 23:42:33.629249
104,R-ec27a420,2364,587,2023-04-18,2,772.0,Wrong Size,2025-07-23 23:42:33.635831
105,R-2d7596ca,2541,616,2024-10-15,1,126.69,Late Delivery,2025-07-23 23:42:33.639292
106,R-36d1bed5,3595,739,2022-08-14,1,58.06,Wrong Size,2025-07-23 23:42:33.640909
107,R-7d874dbe,1153,850,2024-10-21,2,183.87,Damaged,2025-07-23 23:42:33.642438
108,R-e7759849,2626,620,2024-11-09,1,247.44,Damaged,2025-07-23 23:42:33.643961
109,R-65fc715d,1,859,2024-06-30,2,76.42,Late Delivery,2025-07-23 23:42:33.645530
110,R-09265780,2253,1395,2023-08-13,3,986.35,Wrong Size,2025-07-23 23:42:33.651493
111,R-86e655ae,1876,1,2024-10-01,1,8.85,Wrong Size,2025-07-23 23:42:33.653339
112,R-608d736c,3999,85,2023-06-29,3,539.21,Changed Mind,2025-07-23 23:42:33.655144
113,R-5347920f,383,671,2024-07-24,2,496.13,Late Delivery,2025-07-23 23:42:33.656896
114,R-4db5586a,2420,1342,2023-05-28,1,240.85,Damaged,2025-07-23 23:42:33.658624
115,R-e37fa316,2351,347,2024-01-18,3,523.08,Late Delivery,2025-07-23 23:42:33.662832
116,R-67de9ac2,3742,625,2024-03-03,1,170.76,Late Delivery,2025-07-23 23:42:33.664405
117,R-99f5a921,4254,893,2024-12-27,2,460.99,Damaged,2025-07-23 23:42:33.665947
118,R-528682c3,2153,714,2023-03-11,3,1350.77,Late Delivery,2025-07-23 23:42:33.667557
119,R-00c1e3ba,1896,473,2023-06-22,1,334.44,Late Delivery,2025-07-23 23:42:33.669175
120,R-aa01414b,4711,1429,2024-06-28,1,216.57,Damaged,2025-07-23 23:42:33.670690
121,R-4690b74f,2156,602,2023-09-19,2,340.86,Changed Mind,2025-07-23 23:42:33.672228
122,R-af0c1e9e,959,1251,2024-09-29,2,744.52,Changed Mind,2025-07-23 23:42:33.673704
123,R-03723a13,4208,333,2024-10-02,2,502.84,Changed Mind,2025-07-23 23:42:33.675182
124,R-a5ab5b90,4399,1307,2022-06-30,3,1133.56,Changed Mind,2025-07-23 23:42:33.676747
125,R-115ba8e1,3073,1465,2024-12-22,1,336.82,Late Delivery,2025-07-23 23:42:33.682304
126,R-0443907f,3814,1463,2024-02-11,2,120.27,Late Delivery,2025-07-23 23:42:33.683867
127,R-f27cf992,590,1483,2024-11-25,1,41.72,Changed Mind,2025-07-23 23:42:33.685344
128,R-c7306a13,4616,1410,2024-11-24,2,572.22,Changed Mind,2025-07-23 23:42:33.686845
129,R-902f4751,3711,1191,2024-08-08,2,640.04,Changed Mind,2025-07-23 23:42:33.688325
130,R-eee022f8,752,1297,2024-08-04,1,195.51,Late Delivery,2025-07-23 23:42:33.689856
131,R-c8060252,2780,10,2024-11-04,1,360.1,Changed Mind,2025-07-23 23:42:33.695481
132,R-ec9295bc,2858,771,2024-09-19,1,56.76,Changed Mind,2025-07-23 23:42:33.697121
133,R-5d1ba380,914,89,2024-09-29,1,198.62,Wrong Size,2025-07-23 23:42:33.698640
134,R-ffcbba80,4749,1303,2024-10-11,2,854.2,Late Delivery,2025-07-23 23:42:33.700185
135,R-cbbcf0d7,1241,619,2024-11-22,1,140.53,Wrong Size,2025-07-23 23:42:33.701694
136,R-69bcaefa,3037,240,2024-07-20,1,317.46,Late Delivery,2025-07-23 23:42:33.703269
137,R-82e8f6a2,804,566,2024-03-10,1,145.54,Late Delivery,2025-07-23 23:42:33.709165
138,R-4dd60c76,2607,309,2024-02-16,1,37.61,Late Delivery,2025-07-23 23:42:33.710724
139,R-d66253a3,311,1194,2023-08-20,2,416.49,Wrong Size,2025-07-23 23:42:33.712517
140,R-0cdacc31,3931,511,2024-12-14,1,469.57,Damaged,2025-07-23 23:42:33.714012
141,R-8d91b992,128,1278,2024-11-15,1,348.31,Damaged,2025-07-23 23:42:33.715524
142,R-9ebe0b9e,3102,1184,2024-02-15,1,355.24,Changed Mind,2025-07-23 23:42:33.721220
143,R-97c7e49b,4593,1162,2024-08-24,1,283.57,Damaged,2025-07-23 23:42:33.722794
144,R-b1be262f,2540,311,2023-09-24,2,20.69,Wrong Size,2025-07-23 23:42:33.724397
145,R-5d76b502,2420,1342,2023-02-07,1,263.93,Changed Mind,2025-07-23 23:42:33.725952
146,R-33c1a448,1606,1313,2024-12-26,2,328.39,Wrong Size,2025-07-23 23:42:33.727403
147,R-a243e3bf,343,607,2024-06-03,3,844.93,Wrong Size,2025-07-23 23:42:33.732380
148,R-1d76bb4e,1380,134,2024-06-30,3,1232.86,Wrong Size,2025-07-23 23:42:33.734177
149,R-e2fdb820,3163,824,2024-04-06,2,401.83,Damaged,2025-07-23 23:42:33.735834
150,R-583f830a,2649,29,2024-06-25,1,203.75,Damaged,2025-07-23 23:42:33.737545
151,R-a1e80ec8,4593,1162,2024-11-16,1,284.07,Wrong Size,2025-07-23 23:42:33.739252
152,R-e2f333af,4987,152,2024-11-30,3,287.54,Late Delivery,2025-07-23 23:42:33.740785
153,R-98f7b51d,629,614,2023-01-11,3,117.62,Wrong Size,2025-07-23 23:42:33.746611
154,R-c7228303,3639,763,2024-07-20,1,39.09,Wrong Size,2025-07-23 23:42:33.748359
155,R-bab77435,4788,339,2024-11-26,1,411.17,Wrong Size,2025-07-23 23:42:33.749964
156,R-fe446a1d,3389,1483,2023-10-24,1,432.86,Late Delivery,2025-07-23 23:42:33.751672
157,R-abaa313f,3983,1431,2024-11-25,1,106.59,Late Delivery,2025-07-23 23:42:33.753220
158,R-8581224d,3351,552,2024-11-01,1,345.33,Changed Mind,2025-07-23 23:42:33.754729
159,R-a1dcff2a,3311,638,2024-08-04,1,393.92,Damaged,2025-07-23 23:42:33.759443
160,R-93fd4539,121,179,2024-11-01,1,141.1,Wrong Size,2025-07-23 23:42:33.761153
161,R-d71cd95c,592,1329,2024-12-07,1,122.28,Wrong Size,2025-07-23 23:42:33.762645
162,R-e2e8703f,4299,1268,2023-12-19,3,334.74,Late Delivery,2025-07-23 23:42:33.764350
163,R-a5c3edeb,3119,703,2024-08-25,3,661.38,Changed Mind,2025-07-23 23:42:33.766044
164,R-66b84b3f,1757,916,2024-12-31,1,109.87,Late Delivery,2025-07-23 23:42:33.767664
165,R-ab73c03a,1919,361,2024-01-13,2,425.51,Damaged,2025-07-23 23:42:33.769277
166,R-74d962c5,1941,1041,2024-08-10,1,15.85,Changed Mind,2025-07-23 23:42:33.772882
167,R-27e9efeb,770,903,2024-11-30,3,983.14,Wrong Size,2025-07-23 23:42:33.774390
168,R-80eb8eb9,3210,749,2024-12-04,1,435.44,Changed Mind,2025-07-23 23:42:33.776311
169,R-7429b03e,553,1417,2024-12-15,1,233.01,Late Delivery,2025-07-23 23:42:33.777839
170,R-1a3f67fd,2868,255,2023-07-09,2,194.17,Changed Mind,2025-07-23 23:42:33.779387
171,R-9d9c5b68,2034,909,2024-09-12,1,16.59,Damaged,2025-07-23 23:42:33.781139
172,R-0163dbb9,2255,232,2024-09-27,1,159.61,Late Delivery,2025-07-23 23:42:33.782595
173,R-a6ded408,383,671,2024-09-22,2,580.72,Wrong Size,2025-07-23 23:42:33.784140
174,R-ddcd0196,2295,1279,2024-05-07,3,1104.11,Changed Mind,2025-07-23 23:42:33.785900
175,R-62f6b01f,491,388,2024-07-04,1,413.65,Changed Mind,2025-07-23 23:42:33.787655
176,R-a21bdae7,1814,617,2024-07-23,1,219.61,Changed Mind,2025-07-23 23:42:33.789343
177,R-6fe37bb3,3191,186,2024-05-01,2,283.28,Damaged,2025-07-23 23:42:33.790839
178,R-9c069162,2235,783,2024-11-02,1,53.31,Wrong Size,2025-07-23 23:42:33.792384
179,R-5aba25e1,1429,26,2024-09-27,2,32.35,Changed Mind,2025-07-23 23:42:33.793921
180,R-a0119aa7,4945,1042,2024-04-12,3,846.93,Damaged,2025-07-23 23:42:33.795446
181,R-2225dad4,1953,523,2024-12-02,2,344.74,Late Delivery,2025-07-23 23:42:33.797025
182,R-6813042a,4470,169,2024-11-24,1,87.5,Changed Mind,2025-07-23 23:42:33.798511
183,R-3fc0f6b9,4812,217,2024-11-28,1,70.27,Changed Mind,2025-07-23 23:42:33.800321
184,R-618e4562,2591,1430,2024-11-29,1,253.04,Changed Mind,2025-07-23 23:42:33.801887
185,R-37aa5e9d,1282,145,2024-05-03,1,189.5,Wrong Size,2025-07-23 23:42:33.803436
186,R-b6349790,3542,996,2023-04-22,3,810.59,Wrong Size,2025-07-23 23:42:33.805134
187,R-b917d123,3019,1443,2024-02-04,1,245.92,Damaged,2025-07-23 23:42:33.806614
188,R-331936c0,3964,118,2024-05-02,2,203.5,Wrong Size,2025-07-23 23:42:33.808130
189,R-54fe88da,2436,202,2023-12-22,1,263.35,Changed Mind,2025-07-23 23:42:33.809646
190,R-6aec3a47,2687,1268,2024-04-15,1,333.02,Wrong Size,2025-07-23 23:42:33.811380
191,R-f5e4d15f,4858,110,2023-12-06,1,329.72,Changed Mind,2025-07-23 23:42:33.813183
192,R-7fb3411b,1793,1351,2024-12-23,3,1217.04,Damaged,2025-07-23 23:42:33.814802
193,R-29575184,2782,1076,2024-06-11,1,291.31,Wrong Size,2025-07-23 23:42:33.816320
194,R-00a4e6a9,2096,68,2024-08-28,1,274.36,Damaged,2025-07-23 23:42:33.817872
195,R-1254636f,1981,538,2024-04-23,3,527.69,Wrong Size,2025-07-23 23:42:33.819450
196,R-1a938f9a,2748,90,2024-11-21,1,49.46,Late Delivery,2025-07-23 23:42:33.820977
197,R-82eecae3,3086,1472,2024-06-28,2,407.91,Damaged,2025-07-23 23:42:33.824750
198,R-e64f417e,1867,325,2024-12-14,2,515.76,Changed Mind,2025-07-23 23:42:33.826246
199,R-fa59495d,4567,623,2024-08-13,1,84.06,Late Delivery,2025-07-23 23:42:33.827748
200,R-e256a7eb,1936,977,2024-11-24,1,455.85,Changed Mind,2025-07-23 23:42:33.829350
201,R-0a1eded0,1632,428,2024-12-22,2,338.79,Changed Mind,2025-07-23 23:42:33.830821
202,R-64811fb3,2007,719,2024-12-20,2,481.0,Damaged,2025-07-23 23:42:33.832284
203,R-196b5635,4584,51,2024-06-28,2,421.74,Wrong Size,2025-07-23 23:42:33.833848
204,R-fe5cc585,3901,1358,2024-05-05,1,108.26,Changed Mind,2025-07-23 23:42:33.835395
205,R-619a0e01,396,96,2024-03-10,2,691.24,Late Delivery,2025-07-23 23:42:33.836926
206,R-34dea958,3326,1088,2023-02-15,1,216.31,Changed Mind,2025-07-23 23:42:33.838532
207,R-7d22587d,2556,762,2024-11-13,2,357.54,Damaged,2025-07-23 23:42:33.840088
208,R-516d3c41,3837,1316,2022-04-20,3,207.82,Wrong Size,2025-07-23 23:42:33.841616
209,R-9fb5a7da,3630,550,2023-10-11,1,131.58,Damaged,2025-07-23 23:42:33.843173
210,R-52853ef5,159,1432,2024-10-13,2,177.05,Changed Mind,2025-07-23 23:42:33.844618
211,R-0037f295,114,1183,2024-11-01,1,397.34,Wrong Size,2025-07-23 23:42:33.846120
212,R-824ab4b3,1797,231,2024-08-21,3,454.52,Changed Mind,2025-07-23 23:42:33.847588
213,R-8a49cad6,4030,780,2022-11-19,3,703.86,Damaged,2025-07-23 23:42:33.849176
214,R-d75093b3,4566,187,2024-10-22,1,359.28,Damaged,2025-07-23 23:42:33.850648
215,R-3a15bb99,1549,393,2024-12-22,3,612.68,Changed Mind,2025-07-23 23:42:33.852119
216,R-c29f2848,3015,1330,2023-12-02,3,399.84,Wrong Size,2025-07-23 23:42:33.853643
217,R-2590b568,1071,670,2024-08-26,1,190.55,Late Delivery,2025-07-23 23:42:33.855160
218,R-6e6ef0d5,1648,1260,2024-01-29,1,326.97,Wrong Size,2025-07-23 23:42:33.856676
219,R-50365bef,3378,924,2023-10-28,1,87.18,Wrong Size,2025-07-23 23:42:33.858233
220,R-9f4d0a58,3425,663,2024-10-24,2,526.33,Wrong Size,2025-07-23 23:42:33.859778
221,R-e73a6820,2071,299,2024-12-19,1,254.33,Changed Mind,2025-07-23 23:42:33.861253
222,R-5e387a1d,3538,421,2024-07-21,2,399.32,Changed Mind,2025-07-23 23:42:33.862708
223,R-fe706456,2786,11,2024-11-19,1,245.07,Late Delivery,2025-07-23 23:42:33.864208
224,R-de2a6cc1,1206,765,2023-10-08,3,381.56,Late Delivery,2025-07-23 23:42:33.865694
225,R-023b12a2,1122,661,2024-12-24,1,137.57,Damaged,2025-07-23 23:42:33.867196
226,R-3475bc4c,411,1198,2023-06-26,1,339.0,Late Delivery,2025-07-23 23:42:33.868719
227,R-0ef716ce,4150,112,2024-06-08,3,1397.05,Damaged,2025-07-23 23:42:33.870276
228,R-703ed2c4,3388,637,2024-11-02,1,220.59,Wrong Size,2025-07-23 23:42:33.871700
229,R-5bc25424,334,171,2024-10-11,3,1371.6,Damaged,2025-07-23 23:42:33.873225
230,R-137bd8b8,2108,84,2023-06-19,3,249.17,Late Delivery,2025-07-23 23:42:33.874745
231,R-6411f632,3741,390,2023-08-06,2,410.72,Changed Mind,2025-07-23 23:42:33.876257
232,R-73bc96ef,510,358,2024-10-03,2,738.12,Damaged,2025-07-23 23:42:33.877750
233,R-b5124b43,3393,855,2024-05-21,3,1152.13,Late Delivery,2025-07-23 23:42:33.879383
234,R-0400a59a,1987,1427,2023-12-14,1,79.59,Damaged,2025-07-23 23:42:33.880931
235,R-dba2f27a,4584,51,2024-10-17,2,408.77,Late Delivery,2025-07-23 23:42:33.882469
236,R-46558aa2,3621,695,2024-04-19,1,240.09,Damaged,2025-07-23 23:42:33.884021
237,R-83416595,2946,1153,2023-05-01,1,83.29,Late Delivery,2025-07-23 23:42:33.885558
238,R-7768de59,1151,474,2023-10-10,2,319.45,Late Delivery,2025-07-23 23:42:33.887127
239,R-8bf35f5f,3913,274,2024-12-29,2,787.87,Damaged,2025-07-23 23:42:33.888579
240,R-d9ee93ec,4998,865,2023-08-14,2,255.66,Changed Mind,2025-07-23 23:42:33.890247
241,R-7410895c,3379,286,2023-09-10,1,371.61,Changed Mind,2025-07-23 23:42:33.891726
242,R-389f644b,343,607,2024-02-02,1,230.95,Wrong Size,2025-07-23 23:42:33.893263
243,R-6ea67cce,3440,720,2023-08-11,2,568.72,Late Delivery,2025-07-23 23:42:33.894737
244,R-83f7b206,996,388,2024-09-11,1,165.34,Damaged,2025-07-23 23:42:33.896239
245,R-80d824d8,4096,1486,2024-12-19,3,1112.57,Wrong Size,2025-07-23 23:42:33.897703
246,R-5b63ed26,438,991,2023-10-02,2,718.46,Damaged,2025-07-23 23:42:33.899310
247,R-49041214,3312,847,2024-08-31,2,823.55,Changed Mind,2025-07-23 23:42:33.900820
248,R-0e2106ea,2151,1134,2024-12-10,2,592.18,Damaged,2025-07-23 23:42:33.902306
249,R-0dc9bc74,4854,597,2024-06-10,1,241.09,Damaged,2025-07-23 23:42:33.904253
250,R-512ca5e3,2739,403,2024-12-27,1,201.72,Wrong Size,2025-07-23 23:42:33.905709
251,R-168b84d6,294,108,2024-12-27,2,618.08,Wrong Size,2025-07-23 23:42:33.907215
252,R-f0f57b89,238,893,2024-02-14,1,199.17,Late Delivery,2025-07-23 23:42:33.909512
253,R-d3b77beb,1367,480,2024-10-11,1,265.47,Damaged,2025-07-23 23:42:33.911160
254,R-f1414460,837,913,2024-04-26,1,315.76,Wrong Size,2025-07-23 23:42:33.913565
255,R-e42e1167,883,474,2024-07-30,1,297.89,Late Delivery,2025-07-23 23:42:33.915611
256,R-dab5266d,3227,803,2024-05-29,1,102.87,Wrong Size,2025-07-23 23:42:33.917228
257,R-8a9210f8,4592,329,2024-12-23,1,193.88,Changed Mind,2025-07-23 23:42:33.918720
258,R-eaf1fab9,4845,701,2024-04-15,3,569.95,Late Delivery,2025-07-23 23:42:33.921505
259,R-5d68e776,2460,890,2024-09-23,2,356.87,Late Delivery,2025-07-23 23:42:33.923144
260,R-1d112bd9,4523,1357,2024-12-25,2,196.65,Changed Mind,2025-07-23 23:42:33.924609
261,R-3936f0fb,1862,1416,2024-12-06,2,143.99,Changed Mind,2025-07-23 23:42:33.926676
262,R-6935c566,4802,1369,2024-09-28,3,630.59,Damaged,2025-07-23 23:42:33.928276
263,R-b8970b39,3481,1135,2024-09-23,3,86.97,Wrong Size,2025-07-23 23:42:33.929840
264,R-08026145,106,1418,2024-11-26,3,1110.98,Late Delivery,2025-07-23 23:42:33.931367
265,R-d5b56259,4275,1366,2023-11-25,1,48.15,Damaged,2025-07-23 23:42:33.933527
266,R-6ba020f5,3144,1238,2024-03-24,1,384.97,Wrong Size,2025-07-23 23:42:33.935226
267,R-668afca4,1064,83,2024-10-28,2,300.85,Wrong Size,2025-07-23 23:42:33.936819
268,R-dce49c97,780,1289,2023-11-11,2,207.43,Wrong Size,2025-07-23 23:42:33.938952
269,R-811fadeb,3959,838,2024-03-16,2,620.27,Changed Mind,2025-07-23 23:42:33.940533
270,R-fa3045e2,786,899,2024-09-14,3,1157.14,Damaged,2025-07-23 23:42:33.942070
271,R-2d4d5d6d,1926,1473,2024-05-12,1,10.55,Damaged,2025-07-23 23:42:33.943618
272,R-f8a7547a,1140,1175,2024-06-14,2,404.71,Wrong Size,2025-07-23 23:42:33.945984
273,R-edad81d9,1143,687,2024-12-28,1,195.56,Late Delivery,2025-07-23 23:42:33.947544
274,R-e759cd0d,983,711,2022-05-15,1,309.53,Damaged,2025-07-23 23:42:33.953480
275,R-0d2c18ec,1272,269,2024-07-23,1,106.74,Changed Mind,2025-07-23 23:42:33.955084
276,R-71305f87,3362,1242,2023-09-09,2,404.08,Wrong Size,2025-07-23 23:42:33.956664
277,R-f7336d03,2371,1049,2024-10-10,2,784.48,Late Delivery,2025-07-23 23:42:33.958236
278,R-9d033eb7,4540,352,2024-06-16,3,247.33,Damaged,2025-07-23 23:42:33.959745
279,R-d32cc583,4506,563,2024-04-22,1,172.01,Late Delivery,2025-07-23 23:42:33.965465
280,R-43a8466e,3554,487,2023-11-07,2,802.0,Wrong Size,2025-07-23 23:42:33.967173
281,R-d6068a37,1858,1340,2024-09-23,1,28.25,Damaged,2025-07-23 23:42:33.968786
282,R-466cd49a,2100,378,2024-11-19,1,416.07,Late Delivery,2025-07-23 23:42:33.970289
283,R-a8bb4b55,3757,1488,2024-08-18,1,363.71,Wrong Size,2025-07-23 23:42:33.971789
284,R-34b306c1,3467,436,2024-07-11,1,249.4,Late Delivery,2025-07-23 23:42:33.973407
285,R-b0a5bf73,2819,378,2023-09-24,1,277.46,Damaged,2025-07-23 23:42:33.976720
286,R-6e175f89,3384,133,2023-03-10,1,166.71,Late Delivery,2025-07-23 23:42:33.978567
287,R-d25ca923,326,1261,2023-11-27,1,26.54,Late Delivery,2025-07-23 23:42:33.980384
288,R-600b3939,4756,1492,2024-12-29,1,343.13,Changed Mind,2025-07-23 23:42:33.982392
289,R-f7f9a69c,3922,829,2024-12-02,1,399.53,Wrong Size,2025-07-23 23:42:33.984075
290,R-584763e3,2096,68,2023-11-13,1,274.64,Late Delivery,2025-07-23 23:42:33.986230
291,R-2ba7d701,375,547,2024-10-04,3,596.15,Late Delivery,2025-07-23 23:42:33.987915
292,R-6174eb0c,485,145,2024-12-26,1,105.66,Wrong Size,2025-07-23 23:42:33.990037
293,R-0c98555a,2799,121,2024-09-16,1,154.87,Late Delivery,2025-07-23 23:42:33.991671
294,R-93cb119b,3246,946,2024-03-17,1,120.39,Changed Mind,2025-07-23 23:42:33.993493
295,R-7be5f37a,2969,1491,2024-11-24,3,984.9,Wrong Size,2025-07-23 23:42:33.995005
296,R-fb7eb22a,3116,1262,2024-05-21,2,807.18,Damaged,2025-07-23 23:42:33.997252
297,R-5af9e53f,3022,56,2024-06-20,2,305.52,Late Delivery,2025-07-23 23:42:33.999176
298,R-4757a18b,4963,355,2024-05-21,2,284.05,Wrong Size,2025-07-23 23:42:34.000875
299,R-920c20be,4743,1157,2024-04-04,2,148.75,Late Delivery,2025-07-23 23:42:34.002408
300,R-82b16a75,2730,328,2024-07-19,2,735.03,Wrong Size,2025-07-23 23:42:34.005459
301,R-c1baf9b7,1452,222,2023-10-22,1,469.28,Late Delivery,2025-07-23 23:42:34.007031
302,R-32f7a249,202,860,2023-12-23,1,468.54,Wrong Size,2025-07-23 23:42:34.008772
303,R-b74ff352,4949,274,2024-12-12,1,436.52,Wrong Size,2025-07-23 23:42:34.010470
304,R-ea2987f4,4568,261,2023-05-27,1,108.47,Late Delivery,2025-07-23 23:42:34.012243
305,R-b45dbf73,3297,961,2024-03-30,2,273.14,Changed Mind,2025-07-23 23:42:34.013946
306,R-c492ba12,3255,1414,2023-08-26,1,383.39,Damaged,2025-07-23 23:42:34.015535
307,R-7031e09f,4887,822,2024-12-29,1,117.57,Wrong Size,2025-07-23 23:42:34.017398
308,R-89b49503,85,907,2024-10-29,1,455.01,Damaged,2025-07-23 23:42:34.019137
309,R-0e70b90c,590,1483,2024-12-21,1,42.51,Late Delivery,2025-07-23 23:42:34.024946
310,R-3d8a0a38,448,198,2024-11-02,1,14.27,Changed Mind,2025-07-23 23:42:34.026957
311,R-598d6003,1622,39,2024-02-27,2,749.07,Wrong Size,2025-07-23 23:42:34.028872
312,R-8f674e8f,4025,1325,2024-03-02,1,167.73,Changed Mind,2025-07-23 23:42:34.030751
313,R-e5a2def6,68,864,2024-10-30,3,180.06,Wrong Size,2025-07-23 23:42:34.032473
314,R-3a8b1774,3581,568,2024-08-27,3,1209.37,Wrong Size,2025-07-23 23:42:34.035533
315,R-dba85459,2642,1275,2024-09-27,1,42.2,Changed Mind,2025-07-23 23:42:34.037231
316,R-f2858f58,2258,404,2024-11-19,1,111.31,Damaged,2025-07-23 23:42:34.038935
317,R-61e32c8c,337,1134,2024-11-07,2,665.88,Damaged,2025-07-23 23:42:34.040540
318,R-c298f609,2420,1342,2024-04-14,1,250.62,Wrong Size,2025-07-23 23:42:34.042181
319,R-d9879663,4092,1378,2023-12-09,1,321.11,Wrong Size,2025-07-23 23:42:34.043704
320,R-6972a5c1,4052,830,2022-10-31,3,1044.05,Changed Mind,2025-07-23 23:42:34.045288
321,R-4d3e5114,740,442,2024-11-26,1,268.58,Wrong Size,2025-07-23 23:42:34.051887
322,R-846a93ce,3908,58,2024-06-21,3,678.15,Damaged,2025-07-23 23:42:34.053597
323,R-33462617,4620,537,2024-04-17,1,104.54,Damaged,2025-07-23 23:42:34.055194
324,R-7153885a,2576,1069,2024-01-08,1,423.81,Changed Mind,2025-07-23 23:42:34.056704
325,R-5bf9dab0,4741,138,2024-03-30,1,145.12,Late Delivery,2025-07-23 23:42:34.058224
326,R-6c5a363d,2656,470,2024-06-21,1,107.16,Late Delivery,2025-07-23 23:42:34.059753
327,R-8e5e025e,3853,401,2024-07-04,1,211.28,Wrong Size,2025-07-23 23:42:34.066615
328,R-46b1e94b,1029,609,2022-12-16,2,403.95,Late Delivery,2025-07-23 23:42:34.068260
329,R-e922eb79,3960,877,2024-10-14,3,440.82,Wrong Size,2025-07-23 23:42:34.069855
330,R-9558e6d4,4415,1103,2024-08-09,1,298.32,Late Delivery,2025-07-23 23:42:34.071373
331,R-c56eef4b,2537,694,2024-09-14,2,398.29,Wrong Size,2025-07-23 23:42:34.076951
332,R-c8cb07ce,2923,259,2024-07-26,2,52.37,Changed Mind,2025-07-23 23:42:34.078659
333,R-b3ba2168,4150,112,2024-06-21,2,892.92,Wrong Size,2025-07-23 23:42:34.080307
334,R-b9f41c64,2875,1470,2024-12-24,1,50.19,Wrong Size,2025-07-23 23:42:34.081795
335,R-486fa30f,1591,1206,2023-09-21,1,36.13,Wrong Size,2025-07-23 23:42:34.083353
336,R-e6aec57f,4859,1123,2024-12-23,1,469.33,Wrong Size,2025-07-23 23:42:34.088896
337,R-7d953afb,3973,507,2024-04-20,1,113.67,Damaged,2025-07-23 23:42:34.090584
338,R-d3ced760,2238,844,2024-02-29,2,421.83,Wrong Size,2025-07-23 23:42:34.092176
339,R-bdb0e2fa,3252,1046,2024-10-31,2,816.64,Late Delivery,2025-07-23 23:42:34.093739
340,R-5854458e,4251,1227,2023-08-07,1,352.99,Late Delivery,2025-07-23 23:42:34.095302
341,R-73abe88b,308,1113,2024-12-24,1,94.97,Wrong Size,2025-07-23 23:42:34.098496
342,R-3380adf7,3625,1324,2024-12-23,2,373.34,Damaged,2025-07-23 23:42:34.100194
343,R-589b2f21,757,1291,2024-11-11,1,475.06,Changed Mind,2025-07-23 23:42:34.101718
344,R-bd19f965,1192,700,2023-12-04,2,180.76,Wrong Size,2025-07-23 23:42:34.106196
345,R-783edf8b,3881,964,2024-11-12,2,562.95,Damaged,2025-07-23 23:42:34.108119
346,R-58d03802,2181,246,2024-10-17,3,295.86,Damaged,2025-07-23 23:42:34.109883
347,R-6249cc11,1748,43,2024-07-22,1,53.0,Changed Mind,2025-07-23 23:42:34.111733
348,R-1c65538d,1727,1067,2024-03-19,3,1342.75,Changed Mind,2025-07-23 23:42:34.113863
349,R-140e8990,1040,1488,2024-12-21,1,355.97,Changed Mind,2025-07-23 23:42:34.115397
350,R-4b889483,3197,126,2024-10-29,1,317.23,Changed Mind,2025-07-23 23:42:34.117697
351,R-1fb89f18,1457,1113,2024-12-20,3,1106.74,Changed Mind,2025-07-23 23:42:34.119357
352,R-cadb1b32,379,1343,2022-08-13,1,189.27,Changed Mind,2025-07-23 23:42:34.121028
353,R-a77b9c96,907,1148,2024-12-30,1,230.68,Changed Mind,2025-07-23 23:42:34.122526
354,R-3e2745a1,2065,281,2024-10-14,3,269.5,Changed Mind,2025-07-23 23:42:34.127038
355,R-413f35db,4054,159,2024-08-21,3,543.43,Damaged,2025-07-23 23:42:34.128648
356,R-48ab6af8,2843,180,2023-06-01,1,171.43,Damaged,2025-07-23 23:42:34.130269
357,R-3120b636,1971,1359,2024-03-29,2,98.47,Late Delivery,2025-07-23 23:42:34.131859
358,R-a7a7eae9,861,1404,2022-02-24,1,50.12,Damaged,2025-07-23 23:42:34.133436
359,R-09d12844,3646,1137,2023-12-16,3,400.19,Changed Mind,2025-07-23 23:42:34.138404
360,R-29a4a399,917,1229,2024-12-26,2,599.42,Wrong Size,2025-07-23 23:42:34.141621
361,R-af87911c,3807,538,2024-05-23,1,269.51,Wrong Size,2025-07-23 23:42:34.143231
362,R-af242c99,317,1283,2023-11-02,2,102.43,Late Delivery,2025-07-23 23:42:34.146850
363,R-33515c34,4398,1441,2024-11-16,3,1467.37,Wrong Size,2025-07-23 23:42:34.148539
364,R-03d839df,4697,749,2024-08-12,1,221.21,Wrong Size,2025-07-23 23:42:34.150149
365,R-e0e01e8d,692,1453,2023-12-15,3,203.67,Damaged,2025-07-23 23:42:34.151716
366,R-06a49d0d,2289,914,2022-08-31,3,528.68,Late Delivery,2025-07-23 23:42:34.153389
367,R-80063f13,994,359,2024-12-30,3,860.29,Late Delivery,2025-07-23 23:42:34.154978
368,R-f4cc2592,4095,94,2024-11-20,3,156.7,Damaged,2025-07-23 23:42:34.156485
369,R-31ad71fc,1970,1175,2022-12-02,2,908.65,Changed Mind,2025-07-23 23:42:34.160033
370,R-3f1d1c5d,1793,1351,2023-08-03,3,1185.74,Wrong Size,2025-07-23 23:42:34.161560
371,R-3975536a,4673,659,2024-07-16,2,169.67,Changed Mind,2025-07-23 23:42:34.163210
372,R-10be339d,1745,668,2024-12-22,1,254.2,Damaged,2025-07-23 23:42:34.164700
373,R-3e255fef,1627,1138,2023-12-09,2,208.7,Late Delivery,2025-07-23 23:42:34.166298
374,R-e6e9d2fa,352,556,2024-01-20,1,174.9,Late Delivery,2025-07-23 23:42:34.167843
375,R-d38423be,3857,191,2024-12-14,1,166.31,Wrong Size,2025-07-23 23:42:34.171898
376,R-dc679680,2814,563,2024-07-26,1,194.6,Wrong Size,2025-07-23 23:42:34.173524
377,R-6f6db7cf,815,729,2024-10-18,1,419.4,Damaged,2025-07-23 23:42:34.175101
378,R-d88fc748,190,988,2023-10-17,1,62.2,Late Delivery,2025-07-23 23:42:34.176653
379,R-397e5369,4375,1003,2024-04-05,3,553.3,Changed Mind,2025-07-23 23:42:34.178264
380,R-e1b734f1,3945,1235,2024-05-01,3,445.38,Damaged,2025-07-23 23:42:34.179779
381,R-e8c99f65,2691,76,2024-12-25,3,641.41,Late Delivery,2025-07-23 23:42:34.181375
382,R-9660819e,723,10,2024-05-26,3,442.17,Late Delivery,2025-07-23 23:42:34.185687
383,R-7d10478c,2496,698,2024-12-16,3,954.21,Late Delivery,2025-07-23 23:42:34.187233
384,R-e64a2952,1576,647,2024-03-24,1,369.56,Wrong Size,2025-07-23 23:42:34.189473
385,R-3e39b397,387,1260,2024-04-23,3,95.46,Changed Mind,2025-07-23 23:42:34.191227
386,R-95c67623,1537,384,2024-11-12,1,321.75,Changed Mind,2025-07-23 23:42:34.192717
387,R-01ea6bd3,4004,1128,2024-12-26,1,276.79,Changed Mind,2025-07-23 23:42:34.194260
388,R-b256d8f0,1536,325,2024-12-25,1,368.17,Wrong Size,2025-07-23 23:42:34.195778
389,R-9724668e,4591,218,2024-04-22,2,421.94,Changed Mind,2025-07-23 23:42:34.197353
390,R-a690ccc7,1936,977,2022-10-20,3,1276.16,Wrong Size,2025-07-23 23:42:34.198962
391,R-da8da921,2083,1453,2023-09-23,2,572.96,Damaged,2025-07-23 23:42:34.203442
392,R-343055f7,630,1487,2024-12-05,1,306.81,Wrong Size,2025-07-23 23:42:34.205142
393,R-a084de82,403,1338,2024-02-16,1,255.84,Damaged,2025-07-23 23:42:34.206687
394,R-c4ffc390,2693,1386,2024-12-20,2,658.8,Late Delivery,2025-07-23 23:42:34.208309
395,R-0ab3d4b4,3056,348,2024-12-04,1,335.76,Wrong Size,2025-07-23 23:42:34.212869
396,R-72603264,4999,951,2023-11-20,2,800.13,Changed Mind,2025-07-23 23:42:34.216027
397,R-b928ffcd,2840,804,2024-09-04,2,31.12,Damaged,2025-07-23 23:42:34.217668
398,R-aa6c562d,4799,3,2022-09-05,3,1001.47,Changed Mind,2025-07-23 23:42:34.219326
399,R-26f9c71c,2270,829,2024-06-01,1,443.64,Late Delivery,2025-07-23 23:42:34.221549
400,R-742a42bd,2344,393,2023-08-19,1,353.49,Late Delivery,2025-07-23 23:42:34.223298
401,R-6317a3ed,3537,396,2024-03-12,2,486.28,Wrong Size,2025-07-23 23:42:34.228973
402,R-4ca958d1,3685,1413,2022-03-06,3,734.55,Late Delivery,2025-07-23 23:42:34.230684
403,R-4df65144,2723,214,2024-12-21,2,756.91,Wrong Size,2025-07-23 23:42:34.232207
404,R-b1e6da43,1863,495,2024-12-29,2,260.17,Wrong Size,2025-07-23 23:42:34.233645
405,R-bc4b5d62,2350,616,2024-08-16,1,49.43,Damaged,2025-07-23 23:42:34.235231
406,R-d4e6c6ad,3682,123,2024-09-01,1,232.74,Damaged,2025-07-23 23:42:34.236775
407,R-13aca10a,3467,436,2022-09-18,3,711.66,Late Delivery,2025-07-23 23:42:34.238330
408,R-63d52582,1358,1149,2024-10-09,1,364.91,Changed Mind,2025-07-23 23:42:34.244014
409,R-115a9132,254,1086,2023-05-25,2,753.29,Wrong Size,2025-07-23 23:42:34.245607
410,R-e1329f84,1835,897,2024-11-08,3,739.87,Changed Mind,2025-07-23 23:42:34.247133
411,R-b38f0f66,3588,801,2023-12-09,1,422.59,Late Delivery,2025-07-23 23:42:34.248650
412,R-efef23f2,152,198,2023-10-05,2,139.79,Damaged,2025-07-23 23:42:34.250232
413,R-84b6a7f1,3999,85,2023-07-06,3,635.0,Damaged,2025-07-23 23:42:34.251744
414,R-bc8e9d7e,3237,644,2024-01-01,2,799.71,Late Delivery,2025-07-23 23:42:34.255697
415,R-4177d561,1143,687,2024-03-14,1,187.29,Changed Mind,2025-07-23 23:42:34.257292
416,R-bcfd9f08,2368,599,2024-09-27,1,260.08,Wrong Size,2025-07-23 23:42:34.258789
417,R-413dd774,4806,381,2024-01-30,1,412.56,Late Delivery,2025-07-23 23:42:34.260362
418,R-f461433e,1757,916,2024-11-17,1,112.89,Changed Mind,2025-07-23 23:42:34.261842
419,R-62f0bfda,2622,218,2024-12-09,2,647.13,Changed Mind,2025-07-23 23:42:34.263326
420,R-b42d269d,2327,727,2024-07-08,1,336.2,Changed Mind,2025-07-23 23:42:34.266921
421,R-a352d1ab,4525,721,2024-07-28,1,168.12,Changed Mind,2025-07-23 23:42:34.268589
422,R-f68213df,4806,381,2024-04-29,1,420.66,Changed Mind,2025-07-23 23:42:34.271324
423,R-c776e4af,841,764,2024-09-27,2,139.3,Damaged,2025-07-23 23:42:34.272922
424,R-dccb18be,3455,914,2023-01-09,1,239.97,Late Delivery,2025-07-23 23:42:34.274497
425,R-65616f14,4071,990,2024-09-13,2,899.09,Damaged,2025-07-23 23:42:34.275996
426,R-ad77eb69,2959,1136,2024-08-16,1,409.45,Late Delivery,2025-07-23 23:42:34.277476
427,R-d1c45154,3067,1273,2023-05-01,1,456.22,Changed Mind,2025-07-23 23:42:34.279041
428,R-880b8311,2218,1295,2023-08-26,3,295.21,Changed Mind,2025-07-23 23:42:34.280740
429,R-174261d7,3193,1388,2024-12-30,3,1178.22,Wrong Size,2025-07-23 23:42:34.282362
430,R-08ef075e,2265,1143,2024-09-04,1,388.49,Damaged,2025-07-23 23:42:34.286924
431,R-2e958b98,126,1204,2024-05-30,3,617.3,Damaged,2025-07-23 23:42:34.288660
432,R-c48aaf36,439,1132,2024-10-13,1,189.73,Changed Mind,2025-07-23 23:42:34.290258
433,R-b0e6002f,391,699,2024-03-05,1,39.51,Late Delivery,2025-07-23 23:42:34.291849
434,R-1dd0f9b6,957,398,2024-04-04,3,1119.99,Damaged,2025-07-23 23:42:34.293391
435,R-2ded5550,1956,809,2023-08-26,3,1308.8,Wrong Size,2025-07-23 23:42:34.295374
436,R-f52895cd,350,1371,2024-11-01,1,450.5,Late Delivery,2025-07-23 23:42:34.297040
437,R-b9fe456f,3528,525,2024-12-16,3,1129.36,Late Delivery,2025-07-23 23:42:34.300637
438,R-533653c4,3762,965,2024-12-31,1,298.94,Wrong Size,2025-07-23 23:42:34.302181
439,R-43f9a533,2999,209,2024-02-22,1,306.79,Changed Mind,2025-07-23 23:42:34.303713
440,R-f75d6343,3878,100,2022-03-05,1,418.66,Damaged,2025-07-23 23:42:34.305328
441,R-281716f8,1168,217,2023-07-07,1,111.77,Wrong Size,2025-07-23 23:42:34.306897
442,R-20c9ca7d,4928,550,2024-02-10,1,234.79,Damaged,2025-07-23 23:42:34.308457
443,R-9052b004,2651,964,2023-04-25,1,330.51,Late Delivery,2025-07-23 23:42:34.310072
444,R-bd7eb315,2279,539,2024-08-27,2,561.88,Late Delivery,2025-07-23 23:42:34.311580
445,R-2ed4cff2,2240,695,2024-09-11,1,324.48,Wrong Size,2025-07-23 23:42:34.313105
446,R-38f58307,278,503,2024-11-24,1,135.65,Late Delivery,2025-07-23 23:42:34.318440
447,R-f8542df9,3888,784,2023-08-09,1,323.54,Wrong Size,2025-07-23 23:42:34.320080
448,R-4b06566b,4341,1063,2023-06-18,1,277.31,Changed Mind,2025-07-23 23:42:34.321612
449,R-03aee287,1351,1006,2023-08-22,1,209.9,Wrong Size,2025-07-23 23:42:34.323248
450,R-79952c6f,3750,1412,2023-10-30,1,173.19,Wrong Size,2025-07-23 23:42:34.324941
451,R-01c0e709,402,633,2023-06-29,1,236.61,Wrong Size,2025-07-23 23:42:34.326550
452,R-d1a8bb2b,2734,277,2024-10-08,1,334.35,Wrong Size,2025-07-23 23:42:34.328111
453,R-e19bb46f,3314,1124,2024-09-29,2,556.72,Late Delivery,2025-07-23 23:42:34.329632
454,R-b9ae4a8a,2927,815,2023-05-22,2,330.1,Changed Mind,2025-07-23 23:42:34.331197
455,R-70c64528,2233,449,2024-04-20,3,780.9,Changed Mind,2025-07-23 23:42:34.332735
456,R-90f5bdfc,4322,1203,2024-08-08,2,598.88,Changed Mind,2025-07-23 23:42:34.334367
457,R-3963d4c8,1489,1065,2024-12-30,1,235.76,Damaged,2025-07-23 23:42:34.335995
458,R-1b95597e,2576,1069,2023-12-22,3,1224.54,Damaged,2025-07-23 23:42:34.337587
459,R-18bbfca1,2486,699,2023-03-07,2,109.48,Damaged,2025-07-23 23:42:34.339224
460,R-31fdcdd6,4150,112,2022-08-19,2,899.4,Damaged,2025-07-23 23:42:34.340808
461,R-a6b9570e,3972,833,2023-11-13,3,364.38,Wrong Size,2025-07-23 23:42:34.342330
462,R-cacbd07a,4315,1489,2024-09-18,3,549.07,Changed Mind,2025-07-23 23:42:34.343899
463,R-ac86541b,1276,102,2024-12-18,2,796.93,Damaged,2025-07-23 23:42:34.345435
464,R-e4a9bb22,3736,995,2024-09-16,2,653.96,Late Delivery,2025-07-23 23:42:34.346978
465,R-9b1e9308,343,607,2024-07-17,1,253.7,Changed Mind,2025-07-23 23:42:34.348476
466,R-5975c9e1,1403,1401,2024-07-10,2,699.17,Late Delivery,2025-07-23 23:42:34.350032
467,R-2060b090,4051,1292,2024-11-13,1,11.97,Damaged,2025-07-23 23:42:34.351507
468,R-fd3c0d3d,4936,1086,2023-12-17,1,65.14,Damaged,2025-07-23 23:42:34.353134
469,R-86309b9c,2367,532,2024-04-03,1,250.32,Damaged,2025-07-23 23:42:34.354669
470,R-71b4e4fb,4281,1384,2024-05-07,1,164.01,Damaged,2025-07-23 23:42:34.356222
471,R-8b05fe0d,2876,899,2024-07-08,1,162.78,Late Delivery,2025-07-23 23:42:34.357707
472,R-9cf4342f,839,738,2024-10-14,1,349.33,Late Delivery,2025-07-23 23:42:34.361953
473,R-ddf9b40e,3800,644,2024-11-20,2,452.54,Damaged,2025-07-23 23:42:34.363519
474,R-2b381234,3746,129,2024-12-08,1,203.64,Late Delivery,2025-07-23 23:42:34.365773
475,R-7ab8a0c8,3332,937,2024-11-16,2,783.83,Late Delivery,2025-07-23 23:42:34.367395
476,R-6bd3d9e8,4722,292,2024-12-15,1,212.52,Late Delivery,2025-07-23 23:42:34.368899
477,R-78583b92,469,730,2024-10-30,3,159.35,Late Delivery,2025-07-23 23:42:34.370397
478,R-dd9a30ee,1334,408,2022-12-01,3,90.39,Late Delivery,2025-07-23 23:42:34.371998
479,R-ce8d8892,3450,947,2024-11-01,3,1011.77,Damaged,2025-07-23 23:42:34.373490
480,R-c0043ed0,134,1288,2024-04-25,1,187.39,Changed Mind,2025-07-23 23:42:34.375639
481,R-bff3a07c,615,47,2024-06-06,3,154.81,Changed Mind,2025-07-23 23:42:34.379542
482,R-abaf1a91,670,805,2023-03-11,2,380.41,Wrong Size,2025-07-23 23:42:34.381700
483,R-cf7f009f,3712,471,2024-11-27,2,802.37,Changed Mind,2025-07-23 23:42:34.383422
484,R-797c482d,157,208,2024-02-28,1,285.35,Damaged,2025-07-23 23:42:34.391676
485,R-2f527520,1483,716,2024-08-26,3,1020.59,Changed Mind,2025-07-23 23:42:34.393517
486,R-8999b998,4603,900,2023-12-23,1,70.04,Wrong Size,2025-07-23 23:42:34.395327
487,R-fb828c48,309,120,2024-12-30,2,378.85,Damaged,2025-07-23 23:42:34.397036
488,R-89bff0a3,3594,1175,2024-11-20,2,335.41,Late Delivery,2025-07-23 23:42:34.398776
489,R-ab2e86c1,257,40,2024-02-08,1,114.73,Damaged,2025-07-23 23:42:34.405741
490,R-e7b3ef1f,4910,437,2023-04-21,1,166.81,Late Delivery,2025-07-23 23:42:34.407592
491,R-d9a5c360,263,383,2023-11-24,3,1348.72,Changed Mind,2025-07-23 23:42:34.409411
492,R-e3ffd8c5,2028,1456,2024-02-28,3,232.08,Late Delivery,2025-07-23 23:42:34.411113
493,R-8b6808b4,1288,577,2024-12-05,3,1302.88,Damaged,2025-07-23 23:42:34.418071
494,R-b5868744,1446,1093,2024-01-22,1,409.27,Damaged,2025-07-23 23:42:34.419720
495,R-7518685a,127,66,2024-12-27,1,458.73,Damaged,2025-07-23 23:42:34.421299
496,R-97df5dc5,3546,1056,2023-08-17,3,648.71,Changed Mind,2025-07-23 23:42:34.422884
497,R-6f647456,1536,325,2024-04-02,1,366.75,Late Delivery,2025-07-23 23:42:34.424394
498,R-fd7fd108,1259,423,2024-11-29,1,154.13,Late Delivery,2025-07-23 23:42:34.431073
499,R-06f64d20,1890,442,2023-11-22,1,251.47,Damaged,2025-07-23 23:42:34.432618
500,R-99dd5b91,4396,1178,2024-09-13,3,383.17,Changed Mind,2025-07-23 23:42:34.434156
501,R-ca68ac1a,3938,764,2023-11-14,1,265.57,Wrong Size,2025-07-23 23:42:34.435683
502,R-068cada5,2272,1286,2024-04-23,1,461.09,Changed Mind,2025-07-23 23:42:34.437247
503,R-6c9db03b,321,318,2023-08-09,1,243.01,Changed Mind,2025-07-23 23:42:34.444154
504,R-89c17e1b,4760,392,2023-12-10,1,339.47,Late Delivery,2025-07-23 23:42:34.445813
505,R-a14c940c,9,446,2024-06-13,1,423.76,Wrong Size,2025-07-23 23:42:34.447349
506,R-26851641,2461,260,2024-11-27,2,271.6,Damaged,2025-07-23 23:42:34.448959
507,R-1c85964d,2215,718,2024-12-09,1,262.32,Changed Mind,2025-07-23 23:42:34.450497
508,R-6c308807,486,362,2024-04-02,2,443.52,Late Delivery,2025-07-23 23:42:34.457416
509,R-666159c9,1653,431,2024-03-10,1,74.25,Wrong Size,2025-07-23 23:42:34.459002
510,R-adf6899f,25,465,2024-07-28,2,841.91,Damaged,2025-07-23 23:42:34.460545
511,R-163f971a,1309,268,2024-09-06,3,394.07,Changed Mind,2025-07-23 23:42:34.462122
512,R-ea5bf413,1696,878,2024-01-09,1,245.74,Changed Mind,2025-07-23 23:42:34.463619
513,R-f93bc9e1,1263,1041,2024-08-26,1,174.8,Changed Mind,2025-07-23 23:42:34.469464
514,R-a1ba59bb,4183,1324,2023-12-09,1,220.77,Late Delivery,2025-07-23 23:42:34.471106
515,R-8db2478f,1001,261,2024-10-14,1,159.77,Late Delivery,2025-07-23 23:42:34.472643
516,R-c79a7e19,3846,889,2024-12-17,3,1153.78,Late Delivery,2025-07-23 23:42:34.474292
517,R-54ab4bfb,2349,128,2024-07-23,3,641.39,Damaged,2025-07-23 23:42:34.481168
518,R-59a84e0e,3623,1413,2024-04-18,2,97.66,Wrong Size,2025-07-23 23:42:34.483200
519,R-511b3f84,2292,584,2024-06-11,1,160.14,Wrong Size,2025-07-23 23:42:34.484965
520,R-4e0248ef,1566,463,2024-08-25,3,748.47,Wrong Size,2025-07-23 23:42:34.489568
521,R-63475a09,1953,523,2024-11-05,2,370.78,Changed Mind,2025-07-23 23:42:34.491283
522,R-6d917b39,468,78,2024-12-10,2,794.21,Late Delivery,2025-07-23 23:42:34.492832
523,R-8184f3c3,4183,1324,2023-12-23,1,218.34,Wrong Size,2025-07-23 23:42:34.494389
524,R-38a4ce53,647,892,2023-08-28,2,232.11,Late Delivery,2025-07-23 23:42:34.495933
525,R-8202fc34,3720,313,2024-04-01,2,523.34,Changed Mind,2025-07-23 23:42:34.497495
526,R-c920a65d,1955,936,2023-03-09,1,65.01,Changed Mind,2025-07-23 23:42:34.499106
527,R-72b72c20,2076,1309,2023-09-20,1,446.07,Changed Mind,2025-07-23 23:42:34.500628
528,R-a0932e89,200,1273,2023-07-18,3,957.27,Wrong Size,2025-07-23 23:42:34.502205
529,R-af6fe977,2816,208,2024-09-12,1,138.48,Late Delivery,2025-07-23 23:42:34.503958
530,R-57213be9,4274,692,2024-11-03,1,36.06,Late Delivery,2025-07-23 23:42:34.505502
531,R-4eb029be,3494,605,2024-10-26,2,188.29,Late Delivery,2025-07-23 23:42:34.507014
532,R-7d73c420,3962,487,2023-07-23,2,754.24,Late Delivery,2025-07-23 23:42:34.508537
533,R-87680867,4918,666,2024-11-26,3,179.78,Late Delivery,2025-07-23 23:42:34.510047
534,R-fc4e0f90,151,999,2024-01-24,1,275.32,Damaged,2025-07-23 23:42:34.511598
535,R-dd3d7d81,38,246,2024-09-06,1,71.11,Changed Mind,2025-07-23 23:42:34.513142
536,R-ea18237c,3049,1209,2022-07-17,1,384.23,Damaged,2025-07-23 23:42:34.519866
537,R-207adcc7,3626,345,2024-01-05,3,1372.12,Damaged,2025-07-23 23:42:34.521628
538,R-7c6eb4ba,590,1483,2024-12-03,1,41.0,Damaged,2025-07-23 23:42:34.523168
539,R-ea9c89a6,3399,492,2024-12-27,2,749.22,Changed Mind,2025-07-23 23:42:34.524646
540,R-131da082,1685,1172,2024-12-28,3,1262.21,Damaged,2025-07-23 23:42:34.526137
541,R-d12ab3a9,167,1094,2023-01-31,1,261.16,Damaged,2025-07-23 23:42:34.527657
542,R-138f4a8c,2172,847,2024-09-23,1,273.39,Wrong Size,2025-07-23 23:42:34.534352
543,R-0437de22,3185,1373,2023-01-26,3,745.8,Late Delivery,2025-07-23 23:42:34.535976
544,R-d23dd1b8,4281,1384,2024-07-04,1,169.18,Changed Mind,2025-07-23 23:42:34.537476
545,R-7bfa0f7f,2626,620,2024-10-27,1,262.54,Changed Mind,2025-07-23 23:42:34.538953
546,R-5e5d0c16,1426,1446,2022-10-15,2,183.09,Changed Mind,2025-07-23 23:42:34.540485
547,R-48db3f75,2531,1063,2024-01-30,3,237.06,Wrong Size,2025-07-23 23:42:34.547192
548,R-77b2d77d,3445,669,2024-05-26,3,1367.69,Damaged,2025-07-23 23:42:34.548747
549,R-ea722046,349,308,2024-12-12,3,102.61,Changed Mind,2025-07-23 23:42:34.550250
550,R-184c32e4,1325,565,2024-04-23,3,186.29,Late Delivery,2025-07-23 23:42:34.551784
551,R-798a76d4,945,1219,2024-07-16,2,151.25,Wrong Size,2025-07-23 23:42:34.553304
552,R-fd8c379e,4302,406,2023-05-14,1,309.11,Damaged,2025-07-23 23:42:34.560128
553,R-cfcb1f07,86,1452,2023-02-24,2,837.82,Late Delivery,2025-07-23 23:42:34.561721
554,R-17c3bc18,1587,1192,2024-01-06,2,317.33,Wrong Size,2025-07-23 23:42:34.563327
555,R-97d0ded4,3487,711,2024-02-11,1,162.38,Late Delivery,2025-07-23 23:42:34.567846
556,R-04a78677,1672,1470,2023-07-21,1,324.01,Late Delivery,2025-07-23 23:42:34.569504
557,R-dcace3b6,2240,695,2024-07-22,1,333.58,Damaged,2025-07-23 23:42:34.571003
558,R-055e105e,354,693,2024-12-12,2,678.26,Changed Mind,2025-07-23 23:42:34.572450
559,R-ae33aba4,2438,888,2024-10-16,2,202.64,Late Delivery,2025-07-23 23:42:34.573924
560,R-ef6637cb,4625,325,2024-04-22,1,336.06,Wrong Size,2025-07-23 23:42:34.575461
561,R-21e7b4a6,4534,651,2024-12-30,1,260.5,Wrong Size,2025-07-23 23:42:34.581361
562,R-68c7059f,3499,284,2024-10-28,3,1175.35,Late Delivery,2025-07-23 23:42:34.583128
563,R-c7922957,498,1231,2024-03-02,2,530.8,Wrong Size,2025-07-23 23:42:34.584854
564,R-c7a650cb,2440,800,2024-11-22,3,170.83,Wrong Size,2025-07-23 23:42:34.586512
565,R-339346ce,3448,1114,2024-02-02,1,229.36,Wrong Size,2025-07-23 23:42:34.592616
566,R-1108266b,794,960,2024-04-25,1,367.08,Late Delivery,2025-07-23 23:42:34.594520
567,R-50ca458d,3517,1077,2024-10-26,3,817.26,Wrong Size,2025-07-23 23:42:34.596330
568,R-872ea0c1,4583,432,2024-03-23,2,173.22,Damaged,2025-07-23 23:42:34.598089
569,R-f2c9abfb,1137,928,2024-10-27,1,381.68,Wrong Size,2025-07-23 23:42:34.603820
570,R-6f673943,737,121,2024-05-26,2,843.27,Changed Mind,2025-07-23 23:42:34.605601
571,R-e8adb4ab,1862,1416,2024-12-01,1,63.02,Damaged,2025-07-23 23:42:34.607295
572,R-7ea9dde5,3215,200,2023-11-25,3,237.94,Changed Mind,2025-07-23 23:42:34.609084
573,R-30ab6cb9,3262,215,2023-04-07,3,314.63,Changed Mind,2025-07-23 23:42:34.610788
574,R-288040ed,1992,232,2024-11-03,2,773.85,Changed Mind,2025-07-23 23:42:34.614156
575,R-0b8133d2,4414,500,2024-11-13,1,128.73,Damaged,2025-07-23 23:42:34.615660
576,R-93c0fbfb,879,874,2022-07-09,1,277.35,Changed Mind,2025-07-23 23:42:34.617322
577,R-e9811d43,2231,470,2023-12-21,1,194.4,Late Delivery,2025-07-23 23:42:34.618914
578,R-7616225f,3020,1137,2024-09-01,2,770.05,Damaged,2025-07-23 23:42:34.620450
579,R-03713f86,1808,945,2022-12-19,2,600.86,Late Delivery,2025-07-23 23:42:34.621998
580,R-35c50786,269,799,2024-10-21,1,98.6,Changed Mind,2025-07-23 23:42:34.623483
581,R-9319098c,4597,5,2023-11-09,2,48.13,Late Delivery,2025-07-23 23:42:34.625080
582,R-98311932,773,1451,2024-11-19,1,112.48,Damaged,2025-07-23 23:42:34.626540
583,R-6e7a4b90,4356,481,2024-04-23,2,548.61,Damaged,2025-07-23 23:42:34.632177
584,R-debc5105,4989,1318,2024-09-25,1,318.45,Late Delivery,2025-07-23 23:42:34.633716
585,R-b1660447,737,121,2024-08-03,3,1240.19,Late Delivery,2025-07-23 23:42:34.635258
586,R-3dac1176,4220,1323,2024-03-13,1,28.44,Late Delivery,2025-07-23 23:42:34.636818
587,R-02726bde,3953,1111,2024-12-25,1,211.89,Late Delivery,2025-07-23 23:42:34.638339
588,R-b906f78a,4010,418,2024-11-25,1,363.13,Changed Mind,2025-07-23 23:42:34.643919
589,R-27987b0d,902,600,2024-09-09,2,210.06,Changed Mind,2025-07-23 23:42:34.645481
590,R-48487d79,4167,1069,2024-05-24,1,191.24,Changed Mind,2025-07-23 23:42:34.647085
591,R-7b091872,1383,452,2024-12-26,1,92.43,Wrong Size,2025-07-23 23:42:34.648550
592,R-05d905fe,3696,37,2024-09-15,1,309.35,Late Delivery,2025-07-23 23:42:34.650077
593,R-575766f5,3324,1162,2024-06-14,1,288.2,Changed Mind,2025-07-23 23:42:34.651568
594,R-3060ee34,2069,1373,2024-05-23,1,213.47,Late Delivery,2025-07-23 23:42:34.657185
595,R-1ff20157,3466,1265,2024-09-06,1,363.88,Wrong Size,2025-07-23 23:42:34.658753
596,R-7233c776,114,1183,2024-03-24,1,464.4,Wrong Size,2025-07-23 23:42:34.660311
597,R-d1921821,1852,1346,2024-10-28,1,376.46,Late Delivery,2025-07-23 23:42:34.661813
598,R-4618a779,4357,1437,2024-12-03,1,287.56,Damaged,2025-07-23 23:42:34.663288
599,R-4b084a38,4118,241,2024-12-27,1,350.85,Damaged,2025-07-23 23:42:34.664736
600,R-d56452c6,1416,358,2024-12-21,1,288.05,Late Delivery,2025-07-23 23:42:34.670369
601,R-4a383d90,2552,1272,2022-09-30,1,115.03,Changed Mind,2025-07-23 23:42:34.672001
602,R-7893e4a0,2956,705,2024-06-28,1,346.81,Late Delivery,2025-07-23 23:42:34.673520
603,R-ef6c173f,545,1434,2024-12-08,1,139.56,Damaged,2025-07-23 23:42:34.675307
604,R-03d7b0fc,698,27,2024-07-16,1,299.04,Damaged,2025-07-23 23:42:34.676863
605,R-ba6ebc81,1353,997,2024-02-04,3,171.36,Late Delivery,2025-07-23 23:42:34.678400
606,R-0138b1e3,4080,127,2024-12-02,1,30.82,Wrong Size,2025-07-23 23:42:34.682430
607,R-14d923a8,3564,272,2024-04-24,1,274.04,Damaged,2025-07-23 23:42:34.684121
608,R-06d03ce1,1374,230,2024-08-05,1,115.5,Damaged,2025-07-23 23:42:34.685630
609,R-9746376b,2028,1456,2024-01-15,3,197.92,Damaged,2025-07-23 23:42:34.688214
610,R-d79eafde,1604,250,2023-10-15,3,63.87,Damaged,2025-07-23 23:42:34.689898
611,R-98aed279,2736,850,2024-02-19,2,123.8,Late Delivery,2025-07-23 23:42:34.691432
612,R-74d92d71,1767,372,2024-12-22,2,643.86,Changed Mind,2025-07-23 23:42:34.695870
613,R-669aad05,2326,400,2024-05-22,3,483.29,Wrong Size,2025-07-23 23:42:34.697477
614,R-7bc9c45b,4524,1383,2023-01-30,2,205.7,Damaged,2025-07-23 23:42:34.699098
615,R-fee1e749,86,1452,2023-08-04,3,1232.17,Late Delivery,2025-07-23 23:42:34.700640
616,R-41bba73d,3906,495,2023-02-15,1,304.28,Late Delivery,2025-07-23 23:42:34.705218
617,R-45226504,1384,579,2024-12-13,1,18.02,Late Delivery,2025-07-23 23:42:34.708209
618,R-90caf1b6,1428,721,2024-10-25,1,422.09,Damaged,2025-07-23 23:42:34.710021
619,R-9c9a80bc,1715,67,2024-06-10,1,15.45,Wrong Size,2025-07-23 23:42:34.711742
620,R-b5266fc4,3802,375,2023-11-21,2,720.32,Late Delivery,2025-07-23 23:42:34.714518
621,R-78748876,2169,1232,2024-07-14,3,739.73,Wrong Size,2025-07-23 23:42:34.716282
622,R-36bb4cbe,26,1356,2024-05-01,1,237.91,Damaged,2025-07-23 23:42:34.719439
623,R-c9ee7289,1538,51,2022-04-15,1,280.24,Changed Mind,2025-07-23 23:42:34.721071
624,R-7812ba88,1930,1279,2023-10-03,2,801.98,Changed Mind,2025-07-23 23:42:34.722803
625,R-b79a96b6,3233,749,2024-10-22,1,185.01,Wrong Size,2025-07-23 23:42:34.724508
626,R-e641c559,4367,715,2024-12-18,3,1060.85,Late Delivery,2025-07-23 23:42:34.726136
627,R-77e6deab,1096,522,2024-10-26,1,78.0,Wrong Size,2025-07-23 23:42:34.727648
628,R-434664b5,1974,1156,2023-12-23,1,96.98,Late Delivery,2025-07-23 23:42:34.729268
629,R-c4c6afca,1056,1225,2024-08-11,2,452.62,Damaged,2025-07-23 23:42:34.730865
630,R-92fdaf7f,2290,816,2024-04-03,2,16.52,Wrong Size,2025-07-23 23:42:34.732338
631,R-428d15d3,899,712,2022-10-23,1,23.08,Damaged,2025-07-23 23:42:34.733970
632,R-17c32469,722,1475,2024-07-15,2,531.49,Late Delivery,2025-07-23 23:42:34.735557
633,R-e984e3c3,1331,101,2024-11-29,3,261.7,Damaged,2025-07-23 23:42:34.737240
634,R-fda5e824,530,738,2024-07-13,3,390.67,Changed Mind,2025-07-23 23:42:34.742050
635,R-7f78cf0c,710,1076,2024-10-23,2,460.24,Damaged,2025-07-23 23:42:34.743727
636,R-58e3d45a,1069,1476,2024-07-21,2,630.05,Changed Mind,2025-07-23 23:42:34.745453
637,R-c475d7f0,591,784,2023-08-22,3,171.12,Wrong Size,2025-07-23 23:42:34.747945
638,R-2da2b435,2885,468,2024-09-14,3,354.53,Damaged,2025-07-23 23:42:34.749690
639,R-b47d40d3,2263,884,2024-09-20,2,389.16,Wrong Size,2025-07-23 23:42:34.751364
640,R-d941455f,171,792,2024-07-16,2,459.83,Damaged,2025-07-23 23:42:34.753412
641,R-93fdeb40,3506,1483,2024-12-23,1,425.19,Damaged,2025-07-23 23:42:34.755105
642,R-99993d4d,1740,1390,2024-01-09,3,104.71,Damaged,2025-07-23 23:42:34.757171
643,R-1852fdef,2827,907,2024-03-26,3,161.1,Changed Mind,2025-07-23 23:42:34.758953
644,R-a6cc27da,3224,1165,2024-05-06,1,250.86,Late Delivery,2025-07-23 23:42:34.760652
645,R-de1f38ef,1319,1251,2024-03-20,1,159.47,Damaged,2025-07-23 23:42:34.762426
646,R-96bb10f4,4036,218,2024-12-30,1,374.93,Wrong Size,2025-07-23 23:42:34.764104
647,R-3c0d83b5,1638,1207,2024-12-22,1,328.51,Damaged,2025-07-23 23:42:34.765808
648,R-ad667de3,4611,504,2024-09-21,3,1137.94,Late Delivery,2025-07-23 23:42:34.767509
649,R-fe0b4721,3717,1031,2022-12-14,1,411.66,Wrong Size,2025-07-23 23:42:34.769307
650,R-b9dce091,3291,1094,2024-10-21,1,160.89,Changed Mind,2025-07-23 23:42:34.771066
651,R-3f364cff,2426,985,2024-12-29,2,239.56,Late Delivery,2025-07-23 23:42:34.777853
652,R-eb900528,3184,41,2023-10-02,3,535.31,Changed Mind,2025-07-23 23:42:34.779642
653,R-a7350f78,247,902,2024-02-13,1,123.04,Damaged,2025-07-23 23:42:34.781372
654,R-c1a3b633,2402,657,2024-04-23,1,395.4,Damaged,2025-07-23 23:42:34.783074
655,R-62275312,346,323,2024-01-07,1,24.27,Late Delivery,2025-07-23 23:42:34.784827
656,R-9d73fbec,1255,789,2024-11-15,2,174.27,Changed Mind,2025-07-23 23:42:34.790711
657,R-1c3f50cf,76,1345,2024-12-14,1,381.77,Wrong Size,2025-07-23 23:42:34.792464
658,R-e79eab18,4538,1333,2024-12-27,2,71.67,Changed Mind,2025-07-23 23:42:34.794199
659,R-1aa7f954,2457,463,2024-06-23,1,191.78,Wrong Size,2025-07-23 23:42:34.795934
660,R-e40a4f4f,4128,945,2024-04-14,1,342.41,Late Delivery,2025-07-23 23:42:34.801116
661,R-0bed6383,720,1464,2024-09-01,2,631.93,Wrong Size,2025-07-23 23:42:34.802898
662,R-63faa9f8,898,71,2024-12-28,1,371.28,Changed Mind,2025-07-23 23:42:34.804613
663,R-823f2be6,418,920,2024-08-22,1,121.24,Changed Mind,2025-07-23 23:42:34.806275
664,R-7fedaf28,1526,1011,2024-04-12,3,496.47,Changed Mind,2025-07-23 23:42:34.808000
665,R-b356504d,4559,306,2023-11-24,1,388.63,Damaged,2025-07-23 23:42:34.809701
666,R-f8ac7fcc,1972,159,2024-09-27,1,102.37,Changed Mind,2025-07-23 23:42:34.814674
667,R-36d2c612,4038,598,2024-11-21,3,731.68,Wrong Size,2025-07-23 23:42:34.816470
668,R-6a39eaf9,2040,1081,2024-12-16,1,163.32,Wrong Size,2025-07-23 23:42:34.818233
669,R-cbf6c245,3805,215,2024-10-27,2,113.66,Late Delivery,2025-07-23 23:42:34.819952
670,R-e3db3103,3053,1225,2023-08-10,1,64.05,Damaged,2025-07-23 23:42:34.825975
671,R-6fff4df5,1432,766,2023-05-03,2,512.11,Changed Mind,2025-07-23 23:42:34.827874
672,R-d98473b9,2680,953,2024-09-01,1,270.09,Late Delivery,2025-07-23 23:42:34.829593
673,R-6469ebf7,1252,630,2023-12-31,1,175.66,Damaged,2025-07-23 23:42:34.831339
674,R-8f61743c,1394,471,2022-10-30,2,194.91,Wrong Size,2025-07-23 23:42:34.835111
675,R-42460712,1590,184,2024-03-20,2,233.54,Changed Mind,2025-07-23 23:42:34.836631
676,R-5d9e7217,3372,1169,2024-08-10,1,189.09,Late Delivery,2025-07-23 23:42:34.838170
677,R-b24c8fe4,823,403,2024-08-01,1,17.32,Damaged,2025-07-23 23:42:34.839641
678,R-add98a93,4668,1343,2024-02-21,3,644.36,Late Delivery,2025-07-23 23:42:34.841185
679,R-901177dd,2201,614,2024-12-14,1,355.66,Damaged,2025-07-23 23:42:34.842662
680,R-f77d5c5b,2148,453,2023-08-07,1,15.8,Damaged,2025-07-23 23:42:34.844267
681,R-3e5920df,3997,579,2023-02-24,3,570.57,Damaged,2025-07-23 23:42:34.849120
682,R-059d7f00,3044,909,2023-01-30,1,89.34,Late Delivery,2025-07-23 23:42:34.850847
683,R-b7233090,2882,1162,2024-12-22,3,610.9,Wrong Size,2025-07-23 23:42:34.852519
684,R-b27bfacc,2880,272,2024-09-13,2,561.01,Wrong Size,2025-07-23 23:42:34.854145
685,R-61f471fc,4066,21,2024-06-13,3,431.84,Late Delivery,2025-07-23 23:42:34.855737
686,R-e83ad8e8,4138,764,2024-03-02,1,85.72,Damaged,2025-07-23 23:42:34.857356
687,R-a9b8a60c,4181,791,2023-10-01,1,375.55,Late Delivery,2025-07-23 23:42:34.862276
688,R-d1959ae7,1669,1141,2023-09-11,3,681.25,Late Delivery,2025-07-23 23:42:34.863919
689,R-37225ca9,328,860,2024-08-16,2,491.98,Late Delivery,2025-07-23 23:42:34.865481
690,R-a0331a70,4428,1021,2024-07-05,1,320.41,Damaged,2025-07-23 23:42:34.867192
691,R-a4ed15b0,3750,1412,2024-10-20,3,546.67,Changed Mind,2025-07-23 23:42:34.868805
692,R-e079d186,3397,124,2024-09-09,1,139.97,Changed Mind,2025-07-23 23:42:34.870552
693,R-d4fb3de8,3541,453,2023-01-16,2,420.22,Wrong Size,2025-07-23 23:42:34.875494
694,R-7ca05d27,4117,392,2023-02-17,1,101.71,Changed Mind,2025-07-23 23:42:34.877353
695,R-159dd630,1751,380,2024-10-17,1,345.01,Wrong Size,2025-07-23 23:42:34.879105
696,R-d51a3f84,2014,643,2023-03-26,2,146.82,Late Delivery,2025-07-23 23:42:34.880951
697,R-0599c082,1644,603,2024-05-03,1,30.17,Changed Mind,2025-07-23 23:42:34.882726
698,R-73864f57,4903,80,2024-05-22,1,128.37,Wrong Size,2025-07-23 23:42:34.889838
699,R-c0d53bcf,395,873,2024-12-27,3,46.39,Changed Mind,2025-07-23 23:42:34.891618
700,R-28f35268,1806,484,2024-12-15,3,324.36,Late Delivery,2025-07-23 23:42:34.893308
701,R-58f64e9b,1649,516,2022-11-03,1,359.9,Changed Mind,2025-07-23 23:42:34.895045
702,R-d2dc88e1,2575,65,2024-10-16,1,353.51,Damaged,2025-07-23 23:42:34.896833
703,R-7295268a,1782,588,2024-07-13,2,701.4,Changed Mind,2025-07-23 23:42:34.898374
704,R-f4dfb4a9,3283,561,2024-03-28,3,583.2,Wrong Size,2025-07-23 23:42:34.899893
705,R-3397cbd7,4309,346,2024-12-08,3,1168.29,Wrong Size,2025-07-23 23:42:34.901530
706,R-79166339,4436,603,2024-07-12,3,1290.91,Damaged,2025-07-23 23:42:34.903105
707,R-ee1284e4,142,714,2022-06-12,3,295.38,Late Delivery,2025-07-23 23:42:34.904745
708,R-31fc2a7b,1183,936,2024-06-10,1,315.83,Late Delivery,2025-07-23 23:42:34.906458
709,R-0a6a5ab3,1661,546,2024-08-13,1,11.52,Wrong Size,2025-07-23 23:42:34.910002
710,R-481b64e2,4004,1128,2024-12-15,3,874.35,Late Delivery,2025-07-23 23:42:34.912021
711,R-6f20a637,2872,267,2024-07-14,1,171.4,Wrong Size,2025-07-23 23:42:34.914685
712,R-15c48c0c,3765,337,2024-02-27,2,601.85,Wrong Size,2025-07-23 23:42:34.916462
713,R-880a7adf,2725,949,2024-09-30,2,420.53,Wrong Size,2025-07-23 23:42:34.918202
714,R-bd2603a9,3739,446,2024-08-22,1,98.31,Wrong Size,2025-07-23 23:42:34.920019
715,R-2f8547d8,4616,1410,2024-12-22,3,929.77,Damaged,2025-07-23 23:42:34.921539
716,R-f5054d83,3759,1199,2024-07-10,3,612.55,Damaged,2025-07-23 23:42:34.923284
717,R-adae97e4,4366,1350,2024-10-26,2,84.26,Changed Mind,2025-07-23 23:42:34.924818
718,R-6f2dbbff,3039,1473,2024-03-17,3,922.39,Wrong Size,2025-07-23 23:42:34.926368
719,R-da0be3ad,1456,597,2023-10-22,1,208.34,Wrong Size,2025-07-23 23:42:34.928057
720,R-d44fa29a,471,767,2024-12-18,3,1084.14,Wrong Size,2025-07-23 23:42:34.929576
721,R-04584283,2801,1082,2024-05-07,1,128.24,Damaged,2025-07-23 23:42:34.933890
722,R-2923ce27,4461,20,2024-09-12,2,738.1,Damaged,2025-07-23 23:42:34.935463
723,R-8ce63c5f,3991,1379,2024-04-28,2,865.78,Damaged,2025-07-23 23:42:34.937040
724,R-f903fb56,2275,1035,2024-09-02,1,111.71,Changed Mind,2025-07-23 23:42:34.939126
725,R-d9cd4b43,4902,1259,2023-03-20,1,80.5,Changed Mind,2025-07-23 23:42:34.941025
726,R-1369551e,4001,1458,2023-08-12,2,67.95,Damaged,2025-07-23 23:42:34.942643
727,R-d94aa821,2623,586,2023-02-14,1,216.74,Damaged,2025-07-23 23:42:34.944438
728,R-f3157082,737,121,2024-07-09,1,392.54,Changed Mind,2025-07-23 23:42:34.946550
729,R-4cc9150d,1946,306,2024-08-09,1,297.12,Damaged,2025-07-23 23:42:34.948289
730,R-e2b85ed4,588,98,2024-06-19,3,1362.15,Wrong Size,2025-07-23 23:42:34.950068
731,R-24004272,701,113,2022-02-14,2,329.71,Wrong Size,2025-07-23 23:42:34.951999
732,R-b6b4f095,2339,1343,2024-11-24,2,683.77,Damaged,2025-07-23 23:42:34.953560
733,R-dccacfb7,833,816,2024-08-04,2,321.93,Late Delivery,2025-07-23 23:42:34.955211
734,R-43887ac7,1126,1485,2024-03-27,3,1362.64,Late Delivery,2025-07-23 23:42:34.956814
735,R-2f6841f2,1520,1355,2024-05-12,1,240.2,Damaged,2025-07-23 23:42:34.958300
736,R-24bdb0bf,2067,1307,2024-09-28,3,821.04,Late Delivery,2025-07-23 23:42:34.959871
737,R-fbca5fe4,3866,730,2024-07-28,3,814.83,Damaged,2025-07-23 23:42:34.961536
738,R-d20f5ad1,4431,322,2024-08-31,2,447.06,Wrong Size,2025-07-23 23:42:34.963174
739,R-8ad8bf64,4966,202,2024-02-19,2,144.65,Damaged,2025-07-23 23:42:34.964722
740,R-c4b4bd6e,3589,1017,2024-07-08,1,27.22,Late Delivery,2025-07-23 23:42:34.966342
741,R-4666766a,669,1380,2024-09-02,1,208.15,Changed Mind,2025-07-23 23:42:34.967914
742,R-b57153c6,3080,1389,2024-05-01,1,107.19,Wrong Size,2025-07-23 23:42:34.969540
743,R-4a2d4448,1457,1113,2022-11-18,3,1265.32,Late Delivery,2025-07-23 23:42:34.971055
744,R-c6b70ad7,2079,323,2022-12-21,2,443.73,Wrong Size,2025-07-23 23:42:34.972955
745,R-a2976ee5,2003,459,2024-11-16,3,234.91,Damaged,2025-07-23 23:42:34.974572
746,R-70038c60,1161,555,2024-12-20,3,1043.06,Damaged,2025-07-23 23:42:34.976066
747,R-4dc83520,2673,929,2024-04-21,2,194.32,Wrong Size,2025-07-23 23:42:34.977560
748,R-e0bc4382,301,1158,2024-12-22,1,419.28,Changed Mind,2025-07-23 23:42:34.979071
749,R-28746f03,235,1020,2023-09-24,1,28.22,Damaged,2025-07-23 23:42:34.980569
750,R-f0ca9261,463,200,2024-07-07,1,333.08,Late Delivery,2025-07-23 23:42:34.982073
751,R-c16cd9e4,2397,159,2024-12-27,1,404.13,Wrong Size,2025-07-23 23:42:34.983546
752,R-93b60bd5,4578,1118,2023-06-10,2,76.68,Damaged,2025-07-23 23:42:34.985112
753,R-036470d0,3480,3,2024-10-23,1,212.85,Damaged,2025-07-23 23:42:34.986689
754,R-c6f47b98,2218,1295,2023-11-07,3,262.4,Wrong Size,2025-07-23 23:42:34.988266
755,R-86aaed72,1653,431,2024-05-18,2,169.52,Changed Mind,2025-07-23 23:42:34.989867
756,R-c2cda6cb,2142,570,2024-12-06,1,41.85,Wrong Size,2025-07-23 23:42:34.991450
757,R-dce25e36,984,385,2023-12-29,1,38.77,Wrong Size,2025-07-23 23:42:34.993002
758,R-be430975,3494,605,2024-05-11,2,182.69,Changed Mind,2025-07-23 23:42:34.994483
759,R-dea9d6f4,4828,979,2023-09-10,1,280.95,Late Delivery,2025-07-23 23:42:34.995997
760,R-42187a8b,1261,1013,2024-04-07,3,510.17,Damaged,2025-07-23 23:42:34.997502
761,R-fd5b4663,3202,824,2023-12-17,2,322.02,Wrong Size,2025-07-23 23:42:34.999020
762,R-027b346f,3963,1104,2024-12-25,1,261.68,Changed Mind,2025-07-23 23:42:35.000524
763,R-16322440,124,1025,2022-11-06,2,609.58,Changed Mind,2025-07-23 23:42:35.002091
764,R-3c5fdfe0,905,131,2023-04-09,1,123.74,Damaged,2025-07-23 23:42:35.003603
765,R-889afa3f,940,1252,2022-10-23,1,51.6,Changed Mind,2025-07-23 23:42:35.005159
766,R-81abfb60,4838,18,2024-01-26,3,341.47,Late Delivery,2025-07-23 23:42:35.006680
767,R-71198a78,146,204,2024-11-06,2,605.43,Late Delivery,2025-07-23 23:42:35.008199
768,R-e341fe24,2206,330,2024-11-11,1,415.62,Wrong Size,2025-07-23 23:42:35.009708
769,R-deb89fac,3890,1195,2024-06-01,2,759.45,Late Delivery,2025-07-23 23:42:35.011307
770,R-b3b56747,4726,474,2022-09-07,2,367.62,Late Delivery,2025-07-23 23:42:35.012984
771,R-faedf509,2392,470,2022-12-16,2,285.72,Changed Mind,2025-07-23 23:42:35.014648
772,R-0eb6ba8b,4937,961,2024-02-02,3,376.46,Changed Mind,2025-07-23 23:42:35.016265
773,R-e73883b8,742,378,2024-11-18,3,476.59,Changed Mind,2025-07-23 23:42:35.018266
774,R-a2a04992,831,881,2024-12-08,3,506.03,Late Delivery,2025-07-23 23:42:35.019735
775,R-74837270,1010,357,2024-12-16,1,322.02,Damaged,2025-07-23 23:42:35.021279
776,R-72aeca43,4348,925,2024-07-10,1,252.61,Late Delivery,2025-07-23 23:42:35.023243
777,R-454bace6,876,461,2023-10-14,2,742.57,Late Delivery,2025-07-23 23:42:35.024953
778,R-06bcf0d9,3952,871,2024-11-19,3,1192.7,Late Delivery,2025-07-23 23:42:35.026594
779,R-8c34a850,1036,394,2024-07-24,1,466.63,Late Delivery,2025-07-23 23:42:35.028090
780,R-e7a5b470,1221,970,2024-12-01,2,231.22,Changed Mind,2025-07-23 23:42:35.029947
781,R-271a648f,2972,1149,2023-04-26,2,201.38,Changed Mind,2025-07-23 23:42:35.031680
782,R-eb197022,2491,639,2023-10-25,1,240.04,Damaged,2025-07-23 23:42:35.033421
783,R-1ad3c32b,1753,373,2022-09-08,1,41.75,Wrong Size,2025-07-23 23:42:35.037592
784,R-912efbf6,2868,255,2024-09-07,1,100.68,Damaged,2025-07-23 23:42:35.039323
785,R-f552c864,4767,1352,2024-12-02,2,670.76,Wrong Size,2025-07-23 23:42:35.042911
786,R-e6bd9397,2115,704,2024-08-23,1,87.0,Changed Mind,2025-07-23 23:42:35.044429
787,R-5ebf7247,1534,344,2023-10-09,1,451.96,Damaged,2025-07-23 23:42:35.046067
788,R-77af083d,2448,1123,2024-04-21,3,258.03,Damaged,2025-07-23 23:42:35.047630
789,R-db87041a,3922,829,2024-11-05,1,419.15,Wrong Size,2025-07-23 23:42:35.049144
790,R-48dae376,4696,981,2024-08-04,1,412.58,Wrong Size,2025-07-23 23:42:35.050664
791,R-26e53816,1927,1382,2024-03-02,2,806.52,Wrong Size,2025-07-23 23:42:35.052696
792,R-8d961dbd,1780,263,2024-06-26,1,394.45,Changed Mind,2025-07-23 23:42:35.054459
793,R-d3ca6e5b,4976,230,2024-02-06,2,480.85,Wrong Size,2025-07-23 23:42:35.056514
794,R-2f4fc28e,1167,1284,2024-07-17,1,272.96,Wrong Size,2025-07-23 23:42:35.058052
795,R-e9b488e4,277,247,2024-06-26,1,337.06,Changed Mind,2025-07-23 23:42:35.059517
796,R-c2b76fd5,359,104,2024-12-09,1,414.17,Changed Mind,2025-07-23 23:42:35.061182
797,R-27eaadb0,4427,392,2023-10-15,2,344.44,Damaged,2025-07-23 23:42:35.062813
798,R-d8010501,89,567,2024-03-08,1,473.4,Late Delivery,2025-07-23 23:42:35.064512
799,R-16ff0e11,3643,447,2023-03-28,3,289.78,Changed Mind,2025-07-23 23:42:35.066317
800,R-8ccbd291,1644,603,2023-06-01,1,32.16,Damaged,2025-07-23 23:42:35.068213
801,R-72e92897,2948,443,2024-12-23,3,1022.6,Changed Mind,2025-07-23 23:42:35.069971
802,R-f8ef5a75,119,475,2024-04-19,3,617.77,Late Delivery,2025-07-23 23:42:35.071584
803,R-992cbee2,2235,783,2024-10-19,1,50.93,Late Delivery,2025-07-23 23:42:35.073170
804,R-1d9e25b0,3528,525,2022-10-20,1,401.58,Damaged,2025-07-23 23:42:35.074753
805,R-5fdd7d25,3428,117,2023-05-06,2,743.37,Changed Mind,2025-07-23 23:42:35.076365
806,R-272ea02c,4368,972,2023-04-04,3,986.5,Late Delivery,2025-07-23 23:42:35.077919
807,R-c1a1d1f6,4987,152,2024-12-10,2,215.55,Late Delivery,2025-07-23 23:42:35.079446
808,R-d3c8b267,2687,1268,2024-04-08,2,731.04,Changed Mind,2025-07-23 23:42:35.080945
809,R-ea4025c4,3880,890,2023-12-04,2,129.99,Damaged,2025-07-23 23:42:35.082620
810,R-75af4c78,1525,786,2024-03-18,2,403.69,Late Delivery,2025-07-23 23:42:35.084509
811,R-ea2a3f7c,1639,22,2022-08-03,1,374.25,Damaged,2025-07-23 23:42:35.086397
812,R-6ce88440,916,1056,2024-02-05,2,586.05,Damaged,2025-07-23 23:42:35.088120
813,R-c85972e9,2183,1294,2024-08-25,1,260.78,Wrong Size,2025-07-23 23:42:35.089777
814,R-6a6234a0,3859,1472,2023-03-03,3,1360.15,Late Delivery,2025-07-23 23:42:35.091439
815,R-b93ddaf6,649,1019,2022-05-03,2,387.98,Late Delivery,2025-07-23 23:42:35.093075
816,R-6c21222c,2826,578,2024-05-31,3,287.73,Damaged,2025-07-23 23:42:35.094599
817,R-1bdcc460,4208,333,2024-10-31,2,555.68,Wrong Size,2025-07-23 23:42:35.096280
818,R-91239257,3562,1037,2022-09-17,2,444.67,Late Delivery,2025-07-23 23:42:35.098057
819,R-6de3195c,3788,1087,2024-03-19,3,393.69,Late Delivery,2025-07-23 23:42:35.099629
820,R-80fb11f8,2467,596,2024-06-10,1,149.67,Changed Mind,2025-07-23 23:42:35.101221
821,R-133c60ea,655,739,2022-09-25,2,672.42,Wrong Size,2025-07-23 23:42:35.102791
822,R-477b371d,3177,299,2023-05-22,3,214.78,Late Delivery,2025-07-23 23:42:35.104322
823,R-15c7ec04,96,800,2022-11-02,1,234.25,Changed Mind,2025-07-23 23:42:35.105956
824,R-463637aa,4418,1416,2024-06-07,1,251.52,Wrong Size,2025-07-23 23:42:35.107366
825,R-b65cc9aa,4998,865,2024-10-15,1,146.57,Wrong Size,2025-07-23 23:42:35.108728
826,R-534c6bdb,2107,186,2024-08-22,1,120.05,Late Delivery,2025-07-23 23:42:35.110197
827,R-838e645b,3601,1086,2022-10-26,3,291.07,Changed Mind,2025-07-23 23:42:35.111805
828,R-3776114c,1990,592,2024-08-27,1,308.03,Wrong Size,2025-07-23 23:42:35.113352
829,R-f03d98b1,2245,1334,2024-10-29,2,555.34,Late Delivery,2025-07-23 23:42:35.114738
830,R-a08d02c6,1312,205,2023-02-07,1,246.04,Wrong Size,2025-07-23 23:42:35.116510
831,R-78dad713,4219,49,2024-02-27,2,248.07,Changed Mind,2025-07-23 23:42:35.118241
832,R-7a4a3cb7,2771,684,2024-03-30,3,257.9,Late Delivery,2025-07-23 23:42:35.120179
833,R-b42fb56b,1518,835,2024-04-24,2,42.06,Late Delivery,2025-07-23 23:42:35.121948
834,R-4d09265a,3996,389,2024-03-20,3,248.95,Wrong Size,2025-07-23 23:42:35.123639
835,R-cfa18a8e,3557,1361,2024-09-27,2,659.15,Damaged,2025-07-23 23:42:35.125183
836,R-556b1828,3632,814,2024-12-17,2,616.58,Wrong Size,2025-07-23 23:42:35.126652
837,R-1885790c,2932,954,2024-12-18,1,19.65,Damaged,2025-07-23 23:42:35.128162
838,R-e8f8fc05,4176,260,2024-12-03,1,120.86,Late Delivery,2025-07-23 23:42:35.130243
839,R-758a4cb9,4875,1072,2024-09-03,2,657.96,Wrong Size,2025-07-23 23:42:35.131818
840,R-8b8dfcd3,3465,978,2024-12-11,1,32.31,Late Delivery,2025-07-23 23:42:35.133372
841,R-28e127a0,2655,474,2022-11-23,3,612.45,Late Delivery,2025-07-23 23:42:35.136377
842,R-be539b00,1991,844,2024-12-31,1,172.26,Wrong Size,2025-07-23 23:42:35.138073
843,R-2c38a2e7,2388,1329,2024-11-30,1,222.5,Changed Mind,2025-07-23 23:42:35.139729
844,R-c29440a4,2199,1255,2023-08-02,1,391.27,Damaged,2025-07-23 23:42:35.143437
845,R-be9a870d,4025,1325,2024-04-14,1,167.58,Changed Mind,2025-07-23 23:42:35.145108
846,R-98ad067a,4437,1117,2023-06-17,1,10.33,Changed Mind,2025-07-23 23:42:35.146661
847,R-dd9c49b1,594,650,2024-09-14,1,340.07,Late Delivery,2025-07-23 23:42:35.148247
848,R-d42001fd,3979,561,2024-05-23,1,203.17,Damaged,2025-07-23 23:42:35.149887
849,R-47a8a53b,212,559,2022-12-22,1,375.59,Late Delivery,2025-07-23 23:42:35.153618
850,R-2e6f7179,526,1476,2022-11-03,3,339.12,Changed Mind,2025-07-23 23:42:35.155294
851,R-48708049,3722,1445,2024-08-25,1,97.46,Damaged,2025-07-23 23:42:35.156797
852,R-ce6a84c7,1033,1435,2024-11-20,2,400.32,Changed Mind,2025-07-23 23:42:35.158286
853,R-160f8be1,3610,421,2024-06-20,1,78.86,Late Delivery,2025-07-23 23:42:35.159783
854,R-63f6f1dd,2181,246,2024-05-02,3,287.67,Wrong Size,2025-07-23 23:42:35.161538
855,R-1f8982fc,812,337,2024-12-29,3,1293.34,Wrong Size,2025-07-23 23:42:35.163466
856,R-b623ef7a,3776,1308,2024-07-17,2,222.81,Wrong Size,2025-07-23 23:42:35.165687
857,R-fdc91913,3955,596,2023-10-14,1,259.5,Late Delivery,2025-07-23 23:42:35.167408
858,R-49f49e49,4406,395,2024-11-03,1,292.65,Damaged,2025-07-23 23:42:35.169323
859,R-4930152e,2633,1495,2024-10-27,1,99.6,Wrong Size,2025-07-23 23:42:35.171054
860,R-95037c1e,2183,1294,2024-09-11,1,245.22,Wrong Size,2025-07-23 23:42:35.172721
861,R-89e5a12b,1855,410,2024-11-21,1,256.8,Changed Mind,2025-07-23 23:42:35.174798
862,R-c571b745,12,9,2024-11-01,2,705.03,Late Delivery,2025-07-23 23:42:35.176335
863,R-db5e7b73,156,269,2023-12-27,1,396.45,Damaged,2025-07-23 23:42:35.177961
864,R-d2b9d405,3602,323,2023-12-10,3,497.84,Late Delivery,2025-07-23 23:42:35.179618
865,R-6b529dc2,3778,822,2024-04-10,2,193.92,Wrong Size,2025-07-23 23:42:35.181381
866,R-1ed76578,3898,1146,2024-02-13,1,184.35,Late Delivery,2025-07-23 23:42:35.183210
867,R-d09c8a0b,3736,995,2023-05-31,2,704.05,Changed Mind,2025-07-23 23:42:35.184966
868,R-f42a164b,2828,831,2024-12-31,1,365.87,Wrong Size,2025-07-23 23:42:35.186642
869,R-805cf17a,3386,849,2024-08-01,1,261.35,Wrong Size,2025-07-23 23:42:35.188450
870,R-686ba34c,905,131,2023-03-07,2,228.89,Changed Mind,2025-07-23 23:42:35.190187
871,R-2172e855,2870,624,2024-10-30,1,301.77,Changed Mind,2025-07-23 23:42:35.191801
872,R-928a3cf9,3750,1412,2022-03-02,1,164.91,Late Delivery,2025-07-23 23:42:35.193390
873,R-383e7094,2091,172,2023-08-21,2,146.97,Wrong Size,2025-07-23 23:42:35.195105
874,R-e61541e1,3061,486,2022-06-24,1,54.75,Late Delivery,2025-07-23 23:42:35.196710
875,R-d1965af7,967,160,2024-11-22,1,333.54,Wrong Size,2025-07-23 23:42:35.198397
876,R-1ca13b1f,1375,1258,2024-02-25,2,668.32,Changed Mind,2025-07-23 23:42:35.200177
877,R-51ae2fd8,4627,987,2024-10-14,1,41.82,Damaged,2025-07-23 23:42:35.201875
878,R-0feb1349,1540,446,2024-08-03,3,463.9,Wrong Size,2025-07-23 23:42:35.203563
879,R-accb2498,879,874,2024-06-08,1,267.61,Late Delivery,2025-07-23 23:42:35.205230
880,R-a1df06d6,3471,97,2024-09-26,1,236.73,Damaged,2025-07-23 23:42:35.206777
881,R-b35efde8,1485,253,2024-04-17,1,215.58,Changed Mind,2025-07-23 23:42:35.208336
882,R-5836482c,3795,413,2024-06-10,2,548.76,Late Delivery,2025-07-23 23:42:35.209992
883,R-58f83eca,4504,1045,2023-11-23,1,120.79,Damaged,2025-07-23 23:42:35.211715
884,R-03b7488f,1900,1248,2024-12-03,1,79.47,Damaged,2025-07-23 23:42:35.213415
885,R-9eead174,1305,977,2023-09-14,1,441.77,Damaged,2025-07-23 23:42:35.215168
886,R-1e554b8b,1120,111,2024-09-11,1,265.2,Changed Mind,2025-07-23 23:42:35.216899
887,R-26ace48c,136,344,2024-07-23,1,330.64,Late Delivery,2025-07-23 23:42:35.218478
888,R-425310d1,3996,389,2024-04-26,1,80.34,Damaged,2025-07-23 23:42:35.220120
889,R-c26ad33d,3003,334,2024-12-03,2,575.16,Damaged,2025-07-23 23:42:35.221590
890,R-817f7674,1873,517,2024-06-26,1,153.38,Damaged,2025-07-23 23:42:35.223300
891,R-0dc5425b,2039,865,2024-08-31,1,359.36,Changed Mind,2025-07-23 23:42:35.224968
892,R-89d3a5dc,1116,1368,2023-03-07,1,243.99,Late Delivery,2025-07-23 23:42:35.226737
893,R-2b244a5c,1524,695,2024-03-16,1,343.16,Changed Mind,2025-07-23 23:42:35.228324
894,R-e4c96811,3697,1478,2024-03-11,1,128.53,Changed Mind,2025-07-23 23:42:35.229898
895,R-b8416c83,3933,971,2024-12-18,2,381.88,Late Delivery,2025-07-23 23:42:35.231382
896,R-b05b0505,2112,74,2024-09-18,1,282.27,Damaged,2025-07-23 23:42:35.233010
897,R-3925ee1a,2352,776,2024-11-24,3,565.5,Changed Mind,2025-07-23 23:42:35.234624
898,R-0482c6ae,2628,759,2024-05-11,3,1013.97,Wrong Size,2025-07-23 23:42:35.236410
899,R-ccea755c,2362,591,2023-03-13,3,1200.67,Late Delivery,2025-07-23 23:42:35.238139
900,R-9d86abd2,273,172,2023-07-25,1,77.82,Damaged,2025-07-23 23:42:35.239890
901,R-8b371f91,1842,310,2024-12-24,1,393.3,Damaged,2025-07-23 23:42:35.241500
902,R-cf693f44,1474,87,2024-07-10,1,325.08,Late Delivery,2025-07-23 23:42:35.243138
903,R-e3b3a412,197,966,2024-04-23,1,69.69,Damaged,2025-07-23 23:42:35.244783
904,R-f4fb6a59,2850,1168,2023-04-20,1,13.65,Late Delivery,2025-07-23 23:42:35.246491
905,R-1a0c7934,3541,453,2024-12-05,2,386.36,Wrong Size,2025-07-23 23:42:35.248247
906,R-79bd081d,414,219,2023-08-21,1,244.97,Late Delivery,2025-07-23 23:42:35.249917
907,R-825d2142,4802,1369,2024-10-06,2,345.46,Damaged,2025-07-23 23:42:35.251446
908,R-3533c563,2180,1007,2024-11-27,3,1243.23,Late Delivery,2025-07-23 23:42:35.252985
909,R-71ec73c0,2223,1430,2023-04-21,3,539.39,Wrong Size,2025-07-23 23:42:35.254545
910,R-4268ee08,3646,1137,2022-03-03,1,127.59,Late Delivery,2025-07-23 23:42:35.256108
911,R-67004d74,1654,991,2024-12-17,3,158.12,Changed Mind,2025-07-23 23:42:35.257670
912,R-8d058977,822,697,2024-05-27,1,117.85,Late Delivery,2025-07-23 23:42:35.259680
913,R-0531ded0,2992,341,2022-09-18,1,305.73,Damaged,2025-07-23 23:42:35.261598
914,R-dd96e481,601,1466,2024-12-14,1,103.33,Late Delivery,2025-07-23 23:42:35.263408
915,R-7ec6ac01,4768,97,2024-01-23,1,310.07,Changed Mind,2025-07-23 23:42:35.265228
916,R-7c839d10,1669,1141,2024-10-14,3,590.92,Changed Mind,2025-07-23 23:42:35.267077
917,R-1fe6a86c,3949,1125,2024-02-12,1,413.69,Damaged,2025-07-23 23:42:35.268916
918,R-3a4382e9,1912,101,2024-11-14,1,138.0,Damaged,2025-07-23 23:42:35.271855
919,R-dc2d7ede,984,385,2023-09-30,3,126.39,Late Delivery,2025-07-23 23:42:35.273692
920,R-2fe3ff54,784,650,2024-01-04,3,246.2,Damaged,2025-07-23 23:42:35.275461
921,R-ff365a74,3741,390,2024-08-13,3,657.89,Damaged,2025-07-23 23:42:35.277208
922,R-4d7e58ca,4253,73,2023-03-15,2,46.68,Late Delivery,2025-07-23 23:42:35.278972
923,R-73d5b55c,2075,777,2023-04-09,1,141.5,Late Delivery,2025-07-23 23:42:35.284484
924,R-3d093a35,1359,136,2024-08-04,1,380.81,Late Delivery,2025-07-23 23:42:35.286395
925,R-1ecc10c0,609,1468,2024-09-23,1,47.82,Wrong Size,2025-07-23 23:42:35.288195
926,R-f0242742,3744,127,2024-11-21,2,125.43,Changed Mind,2025-07-23 23:42:35.290083
927,R-5a1fc4fc,3655,1126,2024-07-31,2,938.78,Changed Mind,2025-07-23 23:42:35.291967
928,R-ffc80b87,767,1239,2024-10-13,2,745.95,Changed Mind,2025-07-23 23:42:35.293824
929,R-7d2ed60e,3601,1086,2024-04-09,2,213.49,Wrong Size,2025-07-23 23:42:35.295578
930,R-a5249b74,2389,1297,2024-11-17,1,265.79,Damaged,2025-07-23 23:42:35.297417
931,R-49397edc,1802,99,2023-03-19,2,160.16,Wrong Size,2025-07-23 23:42:35.299262
932,R-9dd86ca7,2193,1051,2024-01-03,1,274.65,Changed Mind,2025-07-23 23:42:35.300962
933,R-e4e20e63,2250,937,2024-12-05,2,625.22,Wrong Size,2025-07-23 23:42:35.302800
934,R-9423fbe4,604,407,2024-03-24,3,1475.77,Changed Mind,2025-07-23 23:42:35.304958
935,R-bebdbdf1,295,899,2024-09-20,2,664.1,Damaged,2025-07-23 23:42:35.306704
936,R-b0ff7524,2043,428,2024-11-19,3,1156.57,Changed Mind,2025-07-23 23:42:35.308285
937,R-2564b159,2388,1329,2024-12-12,1,211.89,Damaged,2025-07-23 23:42:35.310186
938,R-bca0b0fb,895,975,2024-06-08,3,1330.02,Wrong Size,2025-07-23 23:42:35.312054
939,R-c66129e7,1224,170,2023-10-27,1,327.76,Damaged,2025-07-23 23:42:35.313741
940,R-c020d2a6,4120,692,2022-11-25,1,391.86,Damaged,2025-07-23 23:42:35.315364
941,R-63d855e7,2007,719,2024-08-28,1,226.74,Damaged,2025-07-23 23:42:35.316993
942,R-08fe8499,4564,328,2024-05-10,3,441.86,Damaged,2025-07-23 23:42:35.318568
943,R-1a6a7b37,1482,477,2024-10-12,2,555.05,Late Delivery,2025-07-23 23:42:35.320732
944,R-827e92f8,2591,1430,2024-07-22,3,722.7,Wrong Size,2025-07-23 23:42:35.322422
945,R-7f18f8f5,4250,797,2023-09-30,1,282.62,Wrong Size,2025-07-23 23:42:35.324105
946,R-85ca252f,2027,796,2024-03-08,1,444.16,Damaged,2025-07-23 23:42:35.325664
947,R-2531bf01,596,750,2024-09-22,1,40.55,Late Delivery,2025-07-23 23:42:35.328020
948,R-71ffba90,3923,715,2024-12-10,2,444.16,Damaged,2025-07-23 23:42:35.329558
949,R-1cca1805,2595,304,2023-03-24,1,317.76,Changed Mind,2025-07-23 23:42:35.332402
950,R-dee230c4,947,199,2023-06-30,2,446.73,Changed Mind,2025-07-23 23:42:35.334390
951,R-0be43aab,4098,1441,2023-11-21,1,221.66,Late Delivery,2025-07-23 23:42:35.336802
952,R-2d5aadfc,433,370,2023-07-29,1,364.62,Damaged,2025-07-23 23:42:35.338449
953,R-caf2ff0d,3795,413,2024-03-29,1,314.69,Late Delivery,2025-07-23 23:42:35.340025
954,R-08a709fd,776,1459,2024-04-09,2,896.38,Wrong Size,2025-07-23 23:42:35.341608
955,R-92bde9e0,2201,614,2024-08-22,1,352.1,Wrong Size,2025-07-23 23:42:35.345188
956,R-878fa622,4354,1013,2024-08-13,1,392.4,Damaged,2025-07-23 23:42:35.346882
957,R-917f1163,1433,489,2024-03-26,1,20.0,Damaged,2025-07-23 23:42:35.348489
958,R-a5ea8b39,2073,561,2024-08-09,2,22.33,Changed Mind,2025-07-23 23:42:35.350072
959,R-781765f6,1507,1129,2022-05-30,2,790.4,Damaged,2025-07-23 23:42:35.352724
960,R-64f00b03,2752,994,2024-09-08,1,72.86,Changed Mind,2025-07-23 23:42:35.354491
961,R-50632b1b,2746,678,2023-06-26,3,197.67,Late Delivery,2025-07-23 23:42:35.356893
962,R-30b70b52,2471,934,2024-08-17,2,196.35,Damaged,2025-07-23 23:42:35.358455
963,R-aba4fa2f,98,1112,2023-02-26,2,610.58,Changed Mind,2025-07-23 23:42:35.360096
964,R-c548d7f6,253,126,2024-12-19,2,523.08,Damaged,2025-07-23 23:42:35.363506
965,R-75c0478c,805,1104,2023-08-02,2,791.0,Wrong Size,2025-07-23 23:42:35.365326
966,R-c89efe0b,92,855,2024-06-16,2,142.36,Wrong Size,2025-07-23 23:42:35.366942
967,R-2db8d23a,1485,253,2024-03-19,1,193.97,Changed Mind,2025-07-23 23:42:35.368565
968,R-08175abc,2843,180,2024-03-30,1,163.65,Damaged,2025-07-23 23:42:35.370601
969,R-ca6b8468,1627,1138,2024-01-15,2,225.29,Changed Mind,2025-07-23 23:42:35.373108
970,R-aee37fa6,3259,12,2024-08-12,2,156.01,Wrong Size,2025-07-23 23:42:35.374839
971,R-790eacdb,2297,91,2023-08-24,1,27.45,Late Delivery,2025-07-23 23:42:35.376467
972,R-94b888dc,4195,137,2022-12-26,2,945.29,Late Delivery,2025-07-23 23:42:35.378918
973,R-a3320d87,200,1273,2024-07-28,2,596.71,Wrong Size,2025-07-23 23:42:35.383056
974,R-d315f0f4,1598,1158,2024-09-16,2,356.49,Damaged,2025-07-23 23:42:35.385676
975,R-c73629d2,1076,449,2024-01-30,1,208.04,Changed Mind,2025-07-23 23:42:35.387287
976,R-489fa09f,539,586,2024-08-19,1,156.04,Damaged,2025-07-23 23:42:35.388925
977,R-f901dfbf,3400,1229,2023-12-29,1,221.8,Wrong Size,2025-07-23 23:42:35.390476
978,R-c4e3a161,2716,810,2024-03-05,3,60.26,Wrong Size,2025-07-23 23:42:35.394071
979,R-200db3b5,2361,1267,2024-10-13,2,671.81,Changed Mind,2025-07-23 23:42:35.395742
980,R-d6922c63,2584,269,2024-12-18,1,268.24,Damaged,2025-07-23 23:42:35.398091
981,R-24d15d4c,3386,849,2023-02-10,1,283.34,Changed Mind,2025-07-23 23:42:35.401487
982,R-ce513ad2,1796,1019,2024-12-20,1,29.92,Late Delivery,2025-07-23 23:42:35.404168
983,R-d06bc60e,610,218,2024-02-29,1,73.24,Damaged,2025-07-23 23:42:35.405752
984,R-535b71df,4713,186,2024-11-25,2,785.38,Damaged,2025-07-23 23:42:35.407381
985,R-337bf718,1028,1396,2024-12-11,3,97.09,Late Delivery,2025-07-23 23:42:35.408915
986,R-c4916943,4381,1270,2024-08-03,3,1094.75,Late Delivery,2025-07-23 23:42:35.411229
987,R-e8a81182,2770,44,2024-10-14,1,317.1,Damaged,2025-07-23 23:42:35.413613
988,R-3ac14317,2744,1443,2024-02-16,1,418.95,Damaged,2025-07-23 23:42:35.416554
989,R-ee19f717,1892,1358,2023-08-20,1,93.49,Changed Mind,2025-07-23 23:42:35.418191
990,R-68892ed3,4484,1464,2023-02-06,1,80.97,Damaged,2025-07-23 23:42:35.419892
991,R-996d2c19,2414,980,2024-11-27,1,167.8,Late Delivery,2025-07-23 23:42:35.421398
992,R-adba81cf,2376,698,2023-06-12,1,12.12,Wrong Size,2025-07-23 23:42:35.423870
993,R-47d75209,4703,1303,2024-08-18,3,586.22,Changed Mind,2025-07-23 23:42:35.426228
994,R-1aa6955a,4199,74,2022-07-01,1,380.27,Changed Mind,2025-07-23 23:42:35.429026
995,R-36869949,2661,1146,2024-11-16,1,348.33,Late Delivery,2025-07-23 23:42:35.430674
996,R-f3ed68d3,2304,1049,2024-10-10,3,983.28,Late Delivery,2025-07-23 23:42:35.432320
997,R-5d67aba9,502,374,2024-06-17,3,659.32,Changed Mind,2025-07-23 23:42:35.433906
998,R-bb98d18e,2637,1407,2024-07-16,3,581.89,Damaged,2025-07-23 23:42:35.436242
999,R-4252410b,56,958,2024-11-27,1,423.47,Wrong Size,2025-07-23 23:42:35.437870
1000,R-35b6eba8,3202,824,2023-12-06,3,447.21,Changed Mind,2025-07-23 23:42:35.440434
